country,year,protestnumber,protestNumberChange
"Afghanistan",1990,0,
"Afghanistan",1991,1,1
"Afghanistan",1992,0,-1
"Afghanistan",1993,0,0
"Afghanistan",1994,0,0
"Afghanistan",1995,0,0
"Afghanistan",1996,0,0
"Afghanistan",1997,1,1
"Afghanistan",1998,1,0
"Afghanistan",1999,0,-1
"Afghanistan",2000,0,0
"Afghanistan",2001,0,0
"Afghanistan",2002,1,1
"Afghanistan",2003,0,-1
"Afghanistan",2004,0,0
"Afghanistan",2005,2,2
"Afghanistan",2006,0,-2
"Afghanistan",2007,0,0
"Afghanistan",2008,0,0
"Afghanistan",2009,0,0
"Afghanistan",2010,0,0
"Afghanistan",2011,4,4
"Afghanistan",2012,1,-3
"Afghanistan",2013,1,0
"Afghanistan",2014,6,5
"Afghanistan",2015,5,-1
"Afghanistan",2016,4,-1
"Afghanistan",2017,0,-4
"Albania",1990,5,
"Albania",1991,8,3
"Albania",1992,3,-5
"Albania",1993,2,-1
"Albania",1994,1,-1
"Albania",1995,0,-1
"Albania",1996,1,1
"Albania",1997,11,10
"Albania",1998,3,-8
"Albania",1999,0,-3
"Albania",2000,1,1
"Albania",2001,0,-1
"Albania",2002,0,0
"Albania",2003,0,0
"Albania",2004,0,0
"Albania",2005,0,0
"Albania",2006,0,0
"Albania",2007,0,0
"Albania",2008,0,0
"Albania",2009,0,0
"Albania",2010,6,6
"Albania",2011,3,-3
"Albania",2012,0,-3
"Albania",2013,3,3
"Albania",2014,0,-3
"Albania",2015,0,0
"Albania",2016,0,0
"Albania",2017,0,0
"Algeria",1990,2,
"Algeria",1991,2,0
"Algeria",1992,6,4
"Algeria",1993,0,-6
"Algeria",1994,0,0
"Algeria",1995,0,0
"Algeria",1996,0,0
"Algeria",1997,1,1
"Algeria",1998,1,0
"Algeria",1999,1,0
"Algeria",2000,0,-1
"Algeria",2001,6,6
"Algeria",2002,0,-6
"Algeria",2003,0,0
"Algeria",2004,0,0
"Algeria",2005,0,0
"Algeria",2006,0,0
"Algeria",2007,0,0
"Algeria",2008,0,0
"Algeria",2009,1,1
"Algeria",2010,0,-1
"Algeria",2011,1,1
"Algeria",2012,0,-1
"Algeria",2013,2,2
"Algeria",2014,11,9
"Algeria",2015,3,-8
"Algeria",2016,0,-3
"Algeria",2017,0,0
"Angola",1990,0,
"Angola",1991,1,1
"Angola",1992,0,-1
"Angola",1993,0,0
"Angola",1994,1,1
"Angola",1995,0,-1
"Angola",1996,0,0
"Angola",1997,0,0
"Angola",1998,0,0
"Angola",1999,1,1
"Angola",2000,2,1
"Angola",2001,1,-1
"Angola",2002,1,0
"Angola",2003,3,2
"Angola",2004,1,-2
"Angola",2005,2,1
"Angola",2006,1,-1
"Angola",2007,0,-1
"Angola",2008,0,0
"Angola",2009,1,1
"Angola",2010,0,-1
"Angola",2011,0,0
"Angola",2012,1,1
"Angola",2013,2,1
"Angola",2014,0,-2
"Angola",2015,3,3
"Angola",2016,1,-2
"Angola",2017,1,0
"Argentina",1990,8,
"Argentina",1991,2,-6
"Argentina",1992,2,0
"Argentina",1993,3,1
"Argentina",1994,7,4
"Argentina",1995,3,-4
"Argentina",1996,6,3
"Argentina",1997,5,-1
"Argentina",1998,0,-5
"Argentina",1999,4,4
"Argentina",2000,4,0
"Argentina",2001,11,7
"Argentina",2002,8,-3
"Argentina",2003,3,-5
"Argentina",2004,8,5
"Argentina",2005,1,-7
"Argentina",2006,1,0
"Argentina",2007,3,2
"Argentina",2008,6,3
"Argentina",2009,1,-5
"Argentina",2010,3,2
"Argentina",2011,0,-3
"Argentina",2012,2,2
"Argentina",2013,2,0
"Argentina",2014,0,-2
"Argentina",2015,5,5
"Argentina",2016,1,-4
"Argentina",2017,1,0
"Armenia",1990,1,
"Armenia",1991,1,0
"Armenia",1992,1,0
"Armenia",1993,1,0
"Armenia",1994,5,4
"Armenia",1995,5,0
"Armenia",1996,2,-3
"Armenia",1997,5,3
"Armenia",1998,2,-3
"Armenia",1999,2,0
"Armenia",2000,6,4
"Armenia",2001,2,-4
"Armenia",2002,5,3
"Armenia",2003,2,-3
"Armenia",2004,4,2
"Armenia",2005,8,4
"Armenia",2006,1,-7
"Armenia",2007,3,2
"Armenia",2008,6,3
"Armenia",2009,2,-4
"Armenia",2010,6,4
"Armenia",2011,1,-5
"Armenia",2012,0,-1
"Armenia",2013,3,3
"Armenia",2014,0,-3
"Armenia",2015,6,6
"Armenia",2016,4,-2
"Armenia",2017,0,-4
"Austria",1990,1,
"Austria",1991,0,-1
"Austria",1992,0,0
"Austria",1993,0,0
"Austria",1994,0,0
"Austria",1995,0,0
"Austria",1996,0,0
"Austria",1997,0,0
"Austria",1998,0,0
"Austria",1999,1,1
"Austria",2000,6,5
"Austria",2001,0,-6
"Austria",2002,1,1
"Austria",2003,1,0
"Austria",2004,0,-1
"Austria",2005,0,0
"Austria",2006,0,0
"Austria",2007,1,1
"Austria",2008,0,-1
"Austria",2009,1,1
"Austria",2010,0,-1
"Austria",2011,0,0
"Austria",2012,0,0
"Austria",2013,1,1
"Austria",2014,0,-1
"Austria",2015,0,0
"Azerbaijan",1991,3,
"Azerbaijan",1992,4,1
"Azerbaijan",1993,4,0
"Azerbaijan",1994,5,1
"Azerbaijan",1995,2,-3
"Azerbaijan",1996,1,-1
"Azerbaijan",1997,0,-1
"Azerbaijan",1998,8,8
"Azerbaijan",1999,10,2
"Azerbaijan",2000,12,2
"Azerbaijan",2001,2,-10
"Azerbaijan",2002,20,18
"Azerbaijan",2003,9,-11
"Azerbaijan",2004,0,-9
"Azerbaijan",2005,12,12
"Azerbaijan",2006,6,-6
"Azerbaijan",2007,5,-1
"Azerbaijan",2008,2,-3
"Azerbaijan",2009,1,-1
"Azerbaijan",2010,6,5
"Azerbaijan",2011,3,-3
"Azerbaijan",2012,2,-1
"Azerbaijan",2013,4,2
"Azerbaijan",2014,0,-4
"Azerbaijan",2015,0,0
"Azerbaijan",2016,2,2
"Azerbaijan",2017,0,-2
"Bahrain",1990,0,
"Bahrain",1991,0,0
"Bahrain",1992,0,0
"Bahrain",1993,0,0
"Bahrain",1994,1,1
"Bahrain",1995,0,-1
"Bahrain",1996,4,4
"Bahrain",1997,0,-4
"Bahrain",1998,0,0
"Bahrain",1999,0,0
"Bahrain",2000,1,1
"Bahrain",2001,0,-1
"Bahrain",2002,0,0
"Bahrain",2003,1,1
"Bahrain",2004,0,-1
"Bahrain",2005,2,2
"Bahrain",2006,0,-2
"Bahrain",2007,3,3
"Bahrain",2008,0,-3
"Bahrain",2009,0,0
"Bahrain",2010,0,0
"Bahrain",2011,8,8
"Bahrain",2012,9,1
"Bahrain",2013,4,-5
"Bahrain",2014,8,4
"Bahrain",2015,2,-6
"Bahrain",2016,1,-1
"Bahrain",2017,2,1
"Bangladesh",1990,10,
"Bangladesh",1991,0,-10
"Bangladesh",1992,6,6
"Bangladesh",1993,0,-6
"Bangladesh",1994,13,13
"Bangladesh",1995,13,0
"Bangladesh",1996,6,-7
"Bangladesh",1997,13,7
"Bangladesh",1998,11,-2
"Bangladesh",1999,23,12
"Bangladesh",2000,12,-11
"Bangladesh",2001,4,-8
"Bangladesh",2002,4,0
"Bangladesh",2003,5,1
"Bangladesh",2004,9,4
"Bangladesh",2005,10,1
"Bangladesh",2006,14,4
"Bangladesh",2007,4,-10
"Bangladesh",2008,7,3
"Bangladesh",2009,2,-5
"Bangladesh",2010,4,2
"Bangladesh",2011,60,56
"Bangladesh",2012,4,-56
"Bangladesh",2013,13,9
"Bangladesh",2014,59,46
"Bangladesh",2015,8,-51
"Bangladesh",2016,0,-8
"Bangladesh",2017,1,1
"Belarus",1991,0,
"Belarus",1992,0,0
"Belarus",1993,0,0
"Belarus",1994,2,2
"Belarus",1995,4,2
"Belarus",1996,10,6
"Belarus",1997,6,-4
"Belarus",1998,1,-5
"Belarus",1999,4,3
"Belarus",2000,6,2
"Belarus",2001,2,-4
"Belarus",2002,5,3
"Belarus",2003,1,-4
"Belarus",2004,2,1
"Belarus",2005,3,1
"Belarus",2006,2,-1
"Belarus",2007,1,-1
"Belarus",2008,3,2
"Belarus",2009,1,-2
"Belarus",2010,1,0
"Belarus",2011,5,4
"Belarus",2012,0,-5
"Belarus",2013,0,0
"Belarus",2014,0,0
"Belarus",2015,0,0
"Belarus",2016,0,0
"Belarus",2017,6,6
"Belgium",1990,0,
"Belgium",1991,0,0
"Belgium",1992,0,0
"Belgium",1993,2,2
"Belgium",1994,0,-2
"Belgium",1995,2,2
"Belgium",1996,9,7
"Belgium",1997,1,-8
"Belgium",1998,0,-1
"Belgium",1999,0,0
"Belgium",2000,1,1
"Belgium",2001,0,-1
"Belgium",2002,1,1
"Belgium",2003,0,-1
"Belgium",2004,0,0
"Belgium",2005,0,0
"Belgium",2006,0,0
"Belgium",2007,1,1
"Belgium",2008,3,2
"Belgium",2009,1,-2
"Belgium",2010,0,-1
"Belgium",2011,1,1
"Belgium",2012,0,-1
"Belgium",2013,1,1
"Belgium",2014,2,1
"Belgium",2015,1,-1
"Belgium",2016,5,4
"Belgium",2017,0,-5
"Benin",1990,1,
"Benin",1991,0,-1
"Benin",1992,0,0
"Benin",1993,0,0
"Benin",1994,1,1
"Benin",1995,0,-1
"Benin",1996,0,0
"Benin",1997,2,2
"Benin",1998,1,-1
"Benin",1999,0,-1
"Benin",2000,1,1
"Benin",2001,3,2
"Benin",2002,2,-1
"Benin",2003,0,-2
"Benin",2004,1,1
"Benin",2005,1,0
"Benin",2006,1,0
"Benin",2007,1,0
"Benin",2008,1,0
"Benin",2009,0,-1
"Benin",2010,1,1
"Benin",2011,5,4
"Benin",2012,0,-5
"Benin",2013,5,5
"Benin",2014,2,-3
"Benin",2015,0,-2
"Benin",2016,2,2
"Benin",2017,1,-1
"Bhutan",1990,1,
"Bhutan",1991,0,-1
"Bhutan",1992,0,0
"Bhutan",1993,0,0
"Bhutan",1994,0,0
"Bhutan",1995,0,0
"Bhutan",1996,0,0
"Bhutan",1997,0,0
"Bhutan",1998,0,0
"Bhutan",1999,1,1
"Bhutan",2000,0,-1
"Bhutan",2001,0,0
"Bhutan",2002,0,0
"Bhutan",2003,0,0
"Bhutan",2004,0,0
"Bhutan",2005,0,0
"Bhutan",2006,0,0
"Bhutan",2007,0,0
"Bhutan",2008,0,0
"Bhutan",2009,0,0
"Bhutan",2010,0,0
"Bhutan",2011,0,0
"Bhutan",2012,0,0
"Bhutan",2013,0,0
"Bhutan",2014,0,0
"Bhutan",2015,0,0
"Bhutan",2016,0,0
"Bhutan",2017,0,0
"Bolivia",1990,3,
"Bolivia",1991,5,2
"Bolivia",1992,11,6
"Bolivia",1993,2,-9
"Bolivia",1994,6,4
"Bolivia",1995,14,8
"Bolivia",1996,13,-1
"Bolivia",1997,4,-9
"Bolivia",1998,7,3
"Bolivia",1999,3,-4
"Bolivia",2000,5,2
"Bolivia",2001,1,-4
"Bolivia",2002,2,1
"Bolivia",2003,2,0
"Bolivia",2004,4,2
"Bolivia",2005,3,-1
"Bolivia",2006,1,-2
"Bolivia",2007,6,5
"Bolivia",2008,3,-3
"Bolivia",2009,2,-1
"Bolivia",2010,2,0
"Bolivia",2011,5,3
"Bolivia",2012,5,0
"Bolivia",2013,1,-4
"Bolivia",2014,3,2
"Bolivia",2015,7,4
"Bolivia",2016,3,-4
"Bolivia",2017,0,-3
"Bosnia",1992,2,
"Bosnia",1993,0,-2
"Bosnia",1994,1,1
"Bosnia",1995,2,1
"Bosnia",1996,3,1
"Bosnia",1997,1,-2
"Bosnia",1998,1,0
"Bosnia",1999,0,-1
"Bosnia",2000,0,0
"Bosnia",2001,0,0
"Bosnia",2002,0,0
"Bosnia",2003,0,0
"Bosnia",2004,0,0
"Bosnia",2005,0,0
"Bosnia",2006,0,0
"Bosnia",2007,0,0
"Bosnia",2008,0,0
"Bosnia",2009,1,1
"Bosnia",2010,0,-1
"Bosnia",2011,0,0
"Bosnia",2012,0,0
"Bosnia",2013,3,3
"Bosnia",2014,5,2
"Bosnia",2015,1,-4
"Bosnia",2016,0,-1
"Bosnia",2017,0,0
"Botswana",1990,0,
"Botswana",1991,2,2
"Botswana",1992,0,-2
"Botswana",1993,0,0
"Botswana",1994,0,0
"Botswana",1995,2,2
"Botswana",1996,0,-2
"Botswana",1997,1,1
"Botswana",1998,0,-1
"Botswana",1999,0,0
"Botswana",2000,2,2
"Botswana",2001,0,-2
"Botswana",2002,1,1
"Botswana",2003,1,0
"Botswana",2004,6,5
"Botswana",2005,2,-4
"Botswana",2006,5,3
"Botswana",2007,2,-3
"Botswana",2008,0,-2
"Botswana",2009,5,5
"Botswana",2010,0,-5
"Botswana",2011,3,3
"Botswana",2012,0,-3
"Botswana",2013,0,0
"Botswana",2014,0,0
"Botswana",2015,0,0
"Botswana",2016,0,0
"Botswana",2017,0,0
"Brazil",1990,5,
"Brazil",1991,7,2
"Brazil",1992,4,-3
"Brazil",1993,3,-1
"Brazil",1994,2,-1
"Brazil",1995,6,4
"Brazil",1996,4,-2
"Brazil",1997,8,4
"Brazil",1998,11,3
"Brazil",1999,10,-1
"Brazil",2000,9,-1
"Brazil",2001,8,-1
"Brazil",2002,4,-4
"Brazil",2003,8,4
"Brazil",2004,3,-5
"Brazil",2005,4,1
"Brazil",2006,4,0
"Brazil",2007,9,5
"Brazil",2008,5,-4
"Brazil",2009,3,-2
"Brazil",2010,5,2
"Brazil",2011,3,-2
"Brazil",2012,3,0
"Brazil",2013,23,20
"Brazil",2014,9,-14
"Brazil",2015,23,14
"Brazil",2016,23,0
"Brazil",2017,2,-21
"Bulgaria",1990,35,
"Bulgaria",1991,5,-30
"Bulgaria",1992,2,-3
"Bulgaria",1993,1,-1
"Bulgaria",1994,0,-1
"Bulgaria",1995,5,5
"Bulgaria",1996,2,-3
"Bulgaria",1997,31,29
"Bulgaria",1998,0,-31
"Bulgaria",1999,1,1
"Bulgaria",2000,1,0
"Bulgaria",2001,1,0
"Bulgaria",2002,0,-1
"Bulgaria",2003,1,1
"Bulgaria",2004,2,1
"Bulgaria",2005,5,3
"Bulgaria",2006,0,-5
"Bulgaria",2007,1,1
"Bulgaria",2008,6,5
"Bulgaria",2009,3,-3
"Bulgaria",2010,0,-3
"Bulgaria",2011,3,3
"Bulgaria",2012,5,2
"Bulgaria",2013,5,0
"Bulgaria",2014,2,-3
"Bulgaria",2015,0,-2
"Bulgaria",2016,1,1
"Bulgaria",2017,0,-1
"Burkina Faso",1990,0,
"Burkina Faso",1991,2,2
"Burkina Faso",1992,0,-2
"Burkina Faso",1993,0,0
"Burkina Faso",1994,0,0
"Burkina Faso",1995,0,0
"Burkina Faso",1996,0,0
"Burkina Faso",1997,2,2
"Burkina Faso",1998,2,0
"Burkina Faso",1999,5,3
"Burkina Faso",2000,3,-2
"Burkina Faso",2001,0,-3
"Burkina Faso",2002,4,4
"Burkina Faso",2003,0,-4
"Burkina Faso",2004,1,1
"Burkina Faso",2005,0,-1
"Burkina Faso",2006,3,3
"Burkina Faso",2007,2,-1
"Burkina Faso",2008,4,2
"Burkina Faso",2009,0,-4
"Burkina Faso",2010,1,1
"Burkina Faso",2011,22,21
"Burkina Faso",2012,1,-21
"Burkina Faso",2013,3,2
"Burkina Faso",2014,3,0
"Burkina Faso",2015,5,2
"Burkina Faso",2016,0,-5
"Burkina Faso",2017,0,0
"Burundi",1990,0,
"Burundi",1991,0,0
"Burundi",1992,0,0
"Burundi",1993,8,8
"Burundi",1994,5,-3
"Burundi",1995,3,-2
"Burundi",1996,8,5
"Burundi",1997,0,-8
"Burundi",1998,0,0
"Burundi",1999,0,0
"Burundi",2000,3,3
"Burundi",2001,1,-2
"Burundi",2002,4,3
"Burundi",2003,1,-3
"Burundi",2004,2,1
"Burundi",2005,0,-2
"Burundi",2006,0,0
"Burundi",2007,3,3
"Burundi",2008,4,1
"Burundi",2009,2,-2
"Burundi",2010,2,0
"Burundi",2011,4,2
"Burundi",2012,1,-3
"Burundi",2013,2,1
"Burundi",2014,2,0
"Burundi",2015,42,40
"Burundi",2016,1,-41
"Burundi",2017,0,-1
"Cambodia",1990,0,
"Cambodia",1991,3,3
"Cambodia",1992,0,-3
"Cambodia",1993,0,0
"Cambodia",1994,1,1
"Cambodia",1995,0,-1
"Cambodia",1996,1,1
"Cambodia",1997,2,1
"Cambodia",1998,5,3
"Cambodia",1999,1,-4
"Cambodia",2000,3,2
"Cambodia",2001,0,-3
"Cambodia",2002,0,0
"Cambodia",2003,3,3
"Cambodia",2004,3,0
"Cambodia",2005,0,-3
"Cambodia",2006,2,2
"Cambodia",2007,1,-1
"Cambodia",2008,0,-1
"Cambodia",2009,0,0
"Cambodia",2010,0,0
"Cambodia",2011,0,0
"Cambodia",2012,3,3
"Cambodia",2013,7,4
"Cambodia",2014,8,1
"Cambodia",2015,5,-3
"Cambodia",2016,3,-2
"Cambodia",2017,1,-2
"Cameroon",1990,2,
"Cameroon",1991,13,11
"Cameroon",1992,2,-11
"Cameroon",1993,3,1
"Cameroon",1994,3,0
"Cameroon",1995,0,-3
"Cameroon",1996,1,1
"Cameroon",1997,0,-1
"Cameroon",1998,0,0
"Cameroon",1999,0,0
"Cameroon",2000,2,2
"Cameroon",2001,1,-1
"Cameroon",2002,0,-1
"Cameroon",2003,1,1
"Cameroon",2004,1,0
"Cameroon",2005,2,1
"Cameroon",2006,0,-2
"Cameroon",2007,2,2
"Cameroon",2008,3,1
"Cameroon",2009,0,-3
"Cameroon",2010,3,3
"Cameroon",2011,2,-1
"Cameroon",2012,0,-2
"Cameroon",2013,0,0
"Cameroon",2014,0,0
"Cameroon",2015,0,0
"Cameroon",2016,6,6
"Cameroon",2017,0,-6
"Canada",1990,6,
"Canada",1991,2,-4
"Canada",1992,1,-1
"Canada",1993,2,1
"Canada",1994,2,0
"Canada",1995,2,0
"Canada",1996,1,-1
"Canada",1997,2,1
"Canada",1998,0,-2
"Canada",1999,0,0
"Canada",2000,4,4
"Canada",2001,0,-4
"Canada",2002,0,0
"Canada",2003,1,1
"Canada",2004,0,-1
"Canada",2005,2,2
"Canada",2006,1,-1
"Canada",2007,1,0
"Canada",2008,1,0
"Canada",2009,2,1
"Canada",2010,1,-1
"Canada",2011,1,0
"Canada",2012,1,0
"Canada",2013,0,-1
"Canada",2014,0,0
"Canada",2015,1,1
"Canada",2016,10,9
"Canada",2017,0,-10
"Cape Verde",1990,0,
"Cape Verde",1991,0,0
"Cape Verde",1992,0,0
"Cape Verde",1993,0,0
"Cape Verde",1994,0,0
"Cape Verde",1995,0,0
"Cape Verde",1996,0,0
"Cape Verde",1997,0,0
"Cape Verde",1998,0,0
"Cape Verde",1999,0,0
"Cape Verde",2000,0,0
"Cape Verde",2001,0,0
"Cape Verde",2002,0,0
"Cape Verde",2003,0,0
"Cape Verde",2004,0,0
"Cape Verde",2005,2,2
"Cape Verde",2006,0,-2
"Cape Verde",2007,0,0
"Cape Verde",2008,0,0
"Cape Verde",2009,0,0
"Cape Verde",2010,0,0
"Cape Verde",2011,0,0
"Cape Verde",2012,0,0
"Cape Verde",2013,0,0
"Cape Verde",2014,0,0
"Cape Verde",2015,0,0
"Cape Verde",2016,0,0
"Cape Verde",2017,0,0
"Central African Republic",1990,1,
"Central African Republic",1991,3,2
"Central African Republic",1992,2,-1
"Central African Republic",1993,2,0
"Central African Republic",1994,0,-2
"Central African Republic",1995,0,0
"Central African Republic",1996,7,7
"Central African Republic",1997,1,-6
"Central African Republic",1998,0,-1
"Central African Republic",1999,1,1
"Central African Republic",2000,6,5
"Central African Republic",2001,0,-6
"Central African Republic",2002,5,5
"Central African Republic",2003,1,-4
"Central African Republic",2004,5,4
"Central African Republic",2005,2,-3
"Central African Republic",2006,5,3
"Central African Republic",2007,2,-3
"Central African Republic",2008,1,-1
"Central African Republic",2009,1,0
"Central African Republic",2010,1,0
"Central African Republic",2011,1,0
"Central African Republic",2012,1,0
"Central African Republic",2013,8,7
"Central African Republic",2014,1,-7
"Central African Republic",2015,3,2
"Central African Republic",2016,0,-3
"Central African Republic",2017,0,0
"Chad",1990,0,
"Chad",1991,1,1
"Chad",1992,2,1
"Chad",1993,2,0
"Chad",1994,0,-2
"Chad",1995,1,1
"Chad",1996,0,-1
"Chad",1997,0,0
"Chad",1998,0,0
"Chad",1999,0,0
"Chad",2000,0,0
"Chad",2001,1,1
"Chad",2002,0,-1
"Chad",2003,0,0
"Chad",2004,0,0
"Chad",2005,2,2
"Chad",2006,0,-2
"Chad",2007,0,0
"Chad",2008,0,0
"Chad",2009,0,0
"Chad",2010,0,0
"Chad",2011,0,0
"Chad",2012,1,1
"Chad",2013,0,-1
"Chad",2014,0,0
"Chad",2015,1,1
"Chad",2016,6,5
"Chad",2017,0,-6
"Chile",1990,2,
"Chile",1991,5,3
"Chile",1992,5,0
"Chile",1993,2,-3
"Chile",1994,9,7
"Chile",1995,4,-5
"Chile",1996,8,4
"Chile",1997,7,-1
"Chile",1998,2,-5
"Chile",1999,4,2
"Chile",2000,5,1
"Chile",2001,9,4
"Chile",2002,11,2
"Chile",2003,5,-6
"Chile",2004,3,-2
"Chile",2005,2,-1
"Chile",2006,12,10
"Chile",2007,6,-6
"Chile",2008,10,4
"Chile",2009,4,-6
"Chile",2010,7,3
"Chile",2011,9,2
"Chile",2012,5,-4
"Chile",2013,2,-3
"Chile",2014,1,-1
"Chile",2015,1,0
"Chile",2016,6,5
"Chile",2017,0,-6
"China",1990,3,
"China",1991,2,-1
"China",1992,1,-1
"China",1993,2,1
"China",1994,1,-1
"China",1995,0,-1
"China",1996,0,0
"China",1997,4,4
"China",1998,7,3
"China",1999,8,1
"China",2000,13,5
"China",2001,5,-8
"China",2002,3,-2
"China",2003,7,4
"China",2004,12,5
"China",2005,10,-2
"China",2006,10,0
"China",2007,8,-2
"China",2008,21,13
"China",2009,7,-14
"China",2010,3,-4
"China",2011,12,9
"China",2012,21,9
"China",2013,10,-11
"China",2014,36,26
"China",2015,13,-23
"China",2016,25,12
"China",2017,2,-23
"Colombia",1990,6,
"Colombia",1991,5,-1
"Colombia",1992,5,0
"Colombia",1993,6,1
"Colombia",1994,5,-1
"Colombia",1995,2,-3
"Colombia",1996,4,2
"Colombia",1997,12,8
"Colombia",1998,5,-7
"Colombia",1999,7,2
"Colombia",2000,6,-1
"Colombia",2001,6,0
"Colombia",2002,5,-1
"Colombia",2003,2,-3
"Colombia",2004,5,3
"Colombia",2005,6,1
"Colombia",2006,5,-1
"Colombia",2007,11,6
"Colombia",2008,8,-3
"Colombia",2009,1,-7
"Colombia",2010,2,1
"Colombia",2011,4,2
"Colombia",2012,3,-1
"Colombia",2013,4,1
"Colombia",2014,3,-1
"Colombia",2015,0,-3
"Colombia",2016,1,1
"Colombia",2017,1,0
"Comoros",1990,2,
"Comoros",1991,0,-2
"Comoros",1992,0,0
"Comoros",1993,0,0
"Comoros",1994,0,0
"Comoros",1995,0,0
"Comoros",1996,0,0
"Comoros",1997,13,13
"Comoros",1998,3,-10
"Comoros",1999,1,-2
"Comoros",2000,4,3
"Comoros",2001,4,0
"Comoros",2002,3,-1
"Comoros",2003,6,3
"Comoros",2004,1,-5
"Comoros",2005,4,3
"Comoros",2006,1,-3
"Comoros",2007,3,2
"Comoros",2008,1,-2
"Comoros",2009,1,0
"Comoros",2010,6,5
"Comoros",2011,1,-5
"Comoros",2012,0,-1
"Comoros",2013,0,0
"Comoros",2014,0,0
"Comoros",2015,0,0
"Comoros",2016,1,1
"Comoros",2017,0,-1
"Congo Brazzaville",1990,0,
"Congo Brazzaville",1991,1,1
"Congo Brazzaville",1992,6,5
"Congo Brazzaville",1993,8,2
"Congo Brazzaville",1994,2,-6
"Congo Brazzaville",1995,0,-2
"Congo Brazzaville",1996,1,1
"Congo Brazzaville",1997,2,1
"Congo Brazzaville",1998,0,-2
"Congo Brazzaville",1999,0,0
"Congo Brazzaville",2000,0,0
"Congo Brazzaville",2001,0,0
"Congo Brazzaville",2002,1,1
"Congo Brazzaville",2003,0,-1
"Congo Brazzaville",2004,2,2
"Congo Brazzaville",2005,0,-2
"Congo Brazzaville",2006,0,0
"Congo Brazzaville",2007,1,1
"Congo Brazzaville",2008,0,-1
"Congo Brazzaville",2009,1,1
"Congo Brazzaville",2010,0,-1
"Congo Brazzaville",2011,0,0
"Congo Brazzaville",2012,2,2
"Congo Brazzaville",2013,1,-1
"Congo Brazzaville",2014,0,-1
"Congo Brazzaville",2015,5,5
"Congo Brazzaville",2016,2,-3
"Congo Brazzaville",2017,0,-2
"Congo Kinshasa",1990,1,
"Congo Kinshasa",1991,4,3
"Congo Kinshasa",1992,6,2
"Congo Kinshasa",1993,3,-3
"Congo Kinshasa",1994,1,-2
"Congo Kinshasa",1995,1,0
"Congo Kinshasa",1996,1,0
"Congo Kinshasa",1997,4,3
"Congo Kinshasa",1998,0,-4
"Congo Kinshasa",1999,2,2
"Congo Kinshasa",2000,1,-1
"Congo Kinshasa",2001,0,-1
"Congo Kinshasa",2002,2,2
"Congo Kinshasa",2003,1,-1
"Congo Kinshasa",2004,1,0
"Congo Kinshasa",2005,4,3
"Congo Kinshasa",2006,8,4
"Congo Kinshasa",2007,5,-3
"Congo Kinshasa",2008,1,-4
"Congo Kinshasa",2009,0,-1
"Congo Kinshasa",2010,0,0
"Congo Kinshasa",2011,3,3
"Congo Kinshasa",2012,1,-2
"Congo Kinshasa",2013,1,0
"Congo Kinshasa",2014,0,-1
"Congo Kinshasa",2015,1,1
"Congo Kinshasa",2016,4,3
"Congo Kinshasa",2017,0,-4
"Costa Rica",1990,0,
"Costa Rica",1991,3,3
"Costa Rica",1992,0,-3
"Costa Rica",1993,1,1
"Costa Rica",1994,0,-1
"Costa Rica",1995,7,7
"Costa Rica",1996,2,-5
"Costa Rica",1997,0,-2
"Costa Rica",1998,0,0
"Costa Rica",1999,1,1
"Costa Rica",2000,8,7
"Costa Rica",2001,0,-8
"Costa Rica",2002,2,2
"Costa Rica",2003,2,0
"Costa Rica",2004,3,1
"Costa Rica",2005,2,-1
"Costa Rica",2006,0,-2
"Costa Rica",2007,2,2
"Costa Rica",2008,1,-1
"Costa Rica",2009,0,-1
"Costa Rica",2010,1,1
"Costa Rica",2011,0,-1
"Costa Rica",2012,0,0
"Costa Rica",2013,0,0
"Costa Rica",2014,0,0
"Costa Rica",2015,0,0
"Costa Rica",2016,1,1
"Costa Rica",2017,0,-1
"Croatia",1991,0,
"Croatia",1992,0,0
"Croatia",1993,0,0
"Croatia",1994,1,1
"Croatia",1995,0,-1
"Croatia",1996,3,3
"Croatia",1997,0,-3
"Croatia",1998,1,1
"Croatia",1999,0,-1
"Croatia",2000,0,0
"Croatia",2001,1,1
"Croatia",2002,1,0
"Croatia",2003,0,-1
"Croatia",2004,0,0
"Croatia",2005,2,2
"Croatia",2006,0,-2
"Croatia",2007,0,0
"Croatia",2008,0,0
"Croatia",2009,0,0
"Croatia",2010,1,1
"Croatia",2011,2,1
"Croatia",2012,1,-1
"Croatia",2013,2,1
"Croatia",2014,0,-2
"Croatia",2015,0,0
"Croatia",2016,0,0
"Croatia",2017,0,0
"Cuba",1990,0,
"Cuba",1991,0,0
"Cuba",1992,0,0
"Cuba",1993,0,0
"Cuba",1994,1,1
"Cuba",1995,0,-1
"Cuba",1996,0,0
"Cuba",1997,0,0
"Cuba",1998,0,0
"Cuba",1999,1,1
"Cuba",2000,0,-1
"Cuba",2001,0,0
"Cuba",2002,0,0
"Cuba",2003,0,0
"Cuba",2004,0,0
"Cuba",2005,0,0
"Cuba",2006,0,0
"Cuba",2007,0,0
"Cuba",2008,0,0
"Cuba",2009,0,0
"Cuba",2010,0,0
"Cuba",2011,0,0
"Cuba",2012,1,1
"Cuba",2013,0,-1
"Cuba",2014,2,2
"Cuba",2015,37,35
"Cuba",2016,53,16
"Cuba",2017,2,-51
"Cyprus",1990,1,
"Cyprus",1991,0,-1
"Cyprus",1992,0,0
"Cyprus",1993,4,4
"Cyprus",1994,0,-4
"Cyprus",1995,0,0
"Cyprus",1996,1,1
"Cyprus",1997,3,2
"Cyprus",1998,0,-3
"Cyprus",1999,0,0
"Cyprus",2000,3,3
"Cyprus",2001,0,-3
"Cyprus",2002,3,3
"Cyprus",2003,3,0
"Cyprus",2004,3,0
"Cyprus",2005,1,-2
"Cyprus",2006,0,-1
"Cyprus",2007,0,0
"Cyprus",2008,3,3
"Cyprus",2009,17,14
"Cyprus",2010,12,-5
"Cyprus",2011,25,13
"Cyprus",2012,12,-13
"Cyprus",2013,14,2
"Cyprus",2014,15,1
"Cyprus",2015,0,-15
"Cyprus",2016,0,0
"Cyprus",2017,0,0
"Czech Republic",1993,0,
"Czech Republic",1994,1,1
"Czech Republic",1995,2,1
"Czech Republic",1996,1,-1
"Czech Republic",1997,1,0
"Czech Republic",1998,0,-1
"Czech Republic",1999,0,0
"Czech Republic",2000,1,1
"Czech Republic",2001,0,-1
"Czech Republic",2002,0,0
"Czech Republic",2003,0,0
"Czech Republic",2004,0,0
"Czech Republic",2005,0,0
"Czech Republic",2006,0,0
"Czech Republic",2007,0,0
"Czech Republic",2008,0,0
"Czech Republic",2009,0,0
"Czech Republic",2010,1,1
"Czech Republic",2011,0,-1
"Czech Republic",2012,1,1
"Czech Republic",2013,0,-1
"Czech Republic",2014,1,1
"Czech Republic",2015,6,5
"Czech Republic",2016,0,-6
"Czech Republic",2017,0,0
"Czechoslovakia",1990,4,
"Czechoslovakia",1991,0,-4
"Czechoslovakia",1992,0,0
"Denmark",1990,0,
"Denmark",1991,0,0
"Denmark",1992,1,1
"Denmark",1993,2,1
"Denmark",1994,0,-2
"Denmark",1995,0,0
"Denmark",1996,0,0
"Denmark",1997,0,0
"Denmark",1998,0,0
"Denmark",1999,0,0
"Denmark",2000,0,0
"Denmark",2001,0,0
"Denmark",2002,0,0
"Denmark",2003,0,0
"Denmark",2004,0,0
"Denmark",2005,0,0
"Denmark",2006,0,0
"Denmark",2007,2,2
"Denmark",2008,2,0
"Denmark",2009,1,-1
"Denmark",2010,0,-1
"Denmark",2011,0,0
"Denmark",2012,0,0
"Denmark",2013,0,0
"Denmark",2014,1,1
"Denmark",2015,0,-1
"Denmark",2016,0,0
"Denmark",2017,0,0
"Djibouti",1990,0,
"Djibouti",1991,0,0
"Djibouti",1992,1,1
"Djibouti",1993,1,0
"Djibouti",1994,0,-1
"Djibouti",1995,1,1
"Djibouti",1996,1,0
"Djibouti",1997,0,-1
"Djibouti",1998,0,0
"Djibouti",1999,0,0
"Djibouti",2000,1,1
"Djibouti",2001,0,-1
"Djibouti",2002,1,1
"Djibouti",2003,0,-1
"Djibouti",2004,0,0
"Djibouti",2005,2,2
"Djibouti",2006,0,-2
"Djibouti",2007,0,0
"Djibouti",2008,0,0
"Djibouti",2009,0,0
"Djibouti",2010,0,0
"Djibouti",2011,1,1
"Djibouti",2012,0,-1
"Djibouti",2013,1,1
"Djibouti",2014,0,-1
"Djibouti",2015,0,0
"Djibouti",2016,0,0
"Djibouti",2017,0,0
"Dominican Republic",1990,4,
"Dominican Republic",1991,3,-1
"Dominican Republic",1992,1,-2
"Dominican Republic",1993,1,0
"Dominican Republic",1994,2,1
"Dominican Republic",1995,6,4
"Dominican Republic",1996,3,-3
"Dominican Republic",1997,5,2
"Dominican Republic",1998,4,-1
"Dominican Republic",1999,2,-2
"Dominican Republic",2000,1,-1
"Dominican Republic",2001,3,2
"Dominican Republic",2002,1,-2
"Dominican Republic",2003,2,1
"Dominican Republic",2004,1,-1
"Dominican Republic",2005,0,-1
"Dominican Republic",2006,0,0
"Dominican Republic",2007,0,0
"Dominican Republic",2008,0,0
"Dominican Republic",2009,0,0
"Dominican Republic",2010,0,0
"Dominican Republic",2011,0,0
"Dominican Republic",2012,2,2
"Dominican Republic",2013,0,-2
"Dominican Republic",2014,0,0
"Dominican Republic",2015,0,0
"Dominican Republic",2016,0,0
"Dominican Republic",2017,0,0
"Ecuador",1990,3,
"Ecuador",1991,4,1
"Ecuador",1992,4,0
"Ecuador",1993,5,1
"Ecuador",1994,7,2
"Ecuador",1995,6,-1
"Ecuador",1996,2,-4
"Ecuador",1997,5,3
"Ecuador",1998,6,1
"Ecuador",1999,11,5
"Ecuador",2000,18,7
"Ecuador",2001,11,-7
"Ecuador",2002,10,-1
"Ecuador",2003,11,1
"Ecuador",2004,8,-3
"Ecuador",2005,11,3
"Ecuador",2006,6,-5
"Ecuador",2007,0,-6
"Ecuador",2008,2,2
"Ecuador",2009,2,0
"Ecuador",2010,5,3
"Ecuador",2011,1,-4
"Ecuador",2012,1,0
"Ecuador",2013,0,-1
"Ecuador",2014,1,1
"Ecuador",2015,6,5
"Ecuador",2016,1,-5
"Ecuador",2017,1,0
"Egypt",1990,2,
"Egypt",1991,2,0
"Egypt",1992,1,-1
"Egypt",1993,3,2
"Egypt",1994,3,0
"Egypt",1995,0,-3
"Egypt",1996,0,0
"Egypt",1997,0,0
"Egypt",1998,0,0
"Egypt",1999,0,0
"Egypt",2000,1,1
"Egypt",2001,0,-1
"Egypt",2002,3,3
"Egypt",2003,0,-3
"Egypt",2004,3,3
"Egypt",2005,6,3
"Egypt",2006,3,-3
"Egypt",2007,0,-3
"Egypt",2008,4,4
"Egypt",2009,0,-4
"Egypt",2010,3,3
"Egypt",2011,20,17
"Egypt",2012,14,-6
"Egypt",2013,22,8
"Egypt",2014,18,-4
"Egypt",2015,5,-13
"Egypt",2016,6,1
"Egypt",2017,1,-5
"El Salvador",1990,0,
"El Salvador",1991,1,1
"El Salvador",1992,0,-1
"El Salvador",1993,2,2
"El Salvador",1994,0,-2
"El Salvador",1995,12,12
"El Salvador",1996,4,-8
"El Salvador",1997,1,-3
"El Salvador",1998,4,3
"El Salvador",1999,2,-2
"El Salvador",2000,4,2
"El Salvador",2001,2,-2
"El Salvador",2002,0,-2
"El Salvador",2003,3,3
"El Salvador",2004,5,2
"El Salvador",2005,0,-5
"El Salvador",2006,4,4
"El Salvador",2007,0,-4
"El Salvador",2008,2,2
"El Salvador",2009,1,-1
"El Salvador",2010,0,-1
"El Salvador",2011,0,0
"El Salvador",2012,0,0
"El Salvador",2013,2,2
"El Salvador",2014,0,-2
"El Salvador",2015,2,2
"El Salvador",2016,1,-1
"El Salvador",2017,0,-1
"Equatorial Guinea",1990,0,
"Equatorial Guinea",1991,0,0
"Equatorial Guinea",1992,1,1
"Equatorial Guinea",1993,1,0
"Equatorial Guinea",1994,0,-1
"Equatorial Guinea",1995,0,0
"Equatorial Guinea",1996,0,0
"Equatorial Guinea",1997,0,0
"Equatorial Guinea",1998,0,0
"Equatorial Guinea",1999,0,0
"Equatorial Guinea",2000,1,1
"Equatorial Guinea",2001,0,-1
"Equatorial Guinea",2002,0,0
"Equatorial Guinea",2003,0,0
"Equatorial Guinea",2004,0,0
"Equatorial Guinea",2005,0,0
"Equatorial Guinea",2006,0,0
"Equatorial Guinea",2007,0,0
"Equatorial Guinea",2008,0,0
"Equatorial Guinea",2009,0,0
"Equatorial Guinea",2010,0,0
"Equatorial Guinea",2011,0,0
"Equatorial Guinea",2012,0,0
"Equatorial Guinea",2013,1,1
"Equatorial Guinea",2014,0,-1
"Equatorial Guinea",2015,0,0
"Equatorial Guinea",2016,0,0
"Equatorial Guinea",2017,0,0
"Eritrea",1990,0,
"Eritrea",1991,0,0
"Eritrea",1992,0,0
"Eritrea",1993,0,0
"Eritrea",1994,0,0
"Eritrea",1995,0,0
"Eritrea",1996,0,0
"Eritrea",1997,0,0
"Eritrea",1998,0,0
"Eritrea",1999,0,0
"Eritrea",2000,0,0
"Eritrea",2001,1,1
"Eritrea",2002,0,-1
"Eritrea",2003,0,0
"Eritrea",2004,0,0
"Eritrea",2005,0,0
"Eritrea",2006,0,0
"Eritrea",2007,0,0
"Eritrea",2008,0,0
"Eritrea",2009,0,0
"Eritrea",2010,0,0
"Eritrea",2011,0,0
"Eritrea",2012,0,0
"Eritrea",2013,1,1
"Eritrea",2014,0,-1
"Eritrea",2015,0,0
"Eritrea",2016,0,0
"Eritrea",2017,0,0
"Estonia",1991,0,
"Estonia",1992,0,0
"Estonia",1993,1,1
"Estonia",1994,0,-1
"Estonia",1995,0,0
"Estonia",1996,0,0
"Estonia",1997,0,0
"Estonia",1998,4,4
"Estonia",1999,3,-1
"Estonia",2000,7,4
"Estonia",2001,5,-2
"Estonia",2002,3,-2
"Estonia",2003,4,1
"Estonia",2004,0,-4
"Estonia",2005,5,5
"Estonia",2006,8,3
"Estonia",2007,3,-5
"Estonia",2008,1,-2
"Estonia",2009,0,-1
"Estonia",2010,1,1
"Estonia",2011,0,-1
"Estonia",2012,0,0
"Estonia",2013,2,2
"Estonia",2014,0,-2
"Estonia",2015,0,0
"Estonia",2016,0,0
"Estonia",2017,0,0
"Ethiopia",1990,1,
"Ethiopia",1991,1,0
"Ethiopia",1992,1,0
"Ethiopia",1993,0,-1
"Ethiopia",1994,2,2
"Ethiopia",1995,0,-2
"Ethiopia",1996,2,2
"Ethiopia",1997,1,-1
"Ethiopia",1998,0,-1
"Ethiopia",1999,0,0
"Ethiopia",2000,0,0
"Ethiopia",2001,3,3
"Ethiopia",2002,3,0
"Ethiopia",2003,0,-3
"Ethiopia",2004,1,1
"Ethiopia",2005,2,1
"Ethiopia",2006,1,-1
"Ethiopia",2007,0,-1
"Ethiopia",2008,0,0
"Ethiopia",2009,0,0
"Ethiopia",2010,0,0
"Ethiopia",2011,0,0
"Ethiopia",2012,2,2
"Ethiopia",2013,1,-1
"Ethiopia",2014,2,1
"Ethiopia",2015,4,2
"Ethiopia",2016,4,0
"Ethiopia",2017,0,-4
"Finland",1990,0,
"Finland",1991,0,0
"Finland",1992,1,1
"Finland",1993,0,-1
"Finland",1994,0,0
"Finland",1995,0,0
"Finland",1996,1,1
"Finland",1997,0,-1
"Finland",1998,0,0
"Finland",1999,0,0
"Finland",2000,2,2
"Finland",2001,0,-2
"Finland",2002,0,0
"Finland",2003,0,0
"Finland",2004,0,0
"Finland",2005,0,0
"Finland",2006,0,0
"Finland",2007,1,1
"Finland",2008,0,-1
"Finland",2009,0,0
"Finland",2010,0,0
"Finland",2011,0,0
"Finland",2012,0,0
"Finland",2013,0,0
"Finland",2014,0,0
"Finland",2015,2,2
"Finland",2016,4,2
"Finland",2017,0,-4
"France",1990,27,
"France",1991,24,-3
"France",1992,35,11
"France",1993,26,-9
"France",1994,20,-6
"France",1995,37,17
"France",1996,27,-10
"France",1997,22,-5
"France",1998,28,6
"France",1999,11,-17
"France",2000,12,1
"France",2001,2,-10
"France",2002,9,7
"France",2003,12,3
"France",2004,5,-7
"France",2005,8,3
"France",2006,12,4
"France",2007,6,-6
"France",2008,6,0
"France",2009,9,3
"France",2010,10,1
"France",2011,2,-8
"France",2012,7,5
"France",2013,16,9
"France",2014,17,1
"France",2015,14,-3
"France",2016,49,35
"France",2017,7,-42
"Gabon",1990,6,
"Gabon",1991,0,-6
"Gabon",1992,1,1
"Gabon",1993,6,5
"Gabon",1994,1,-5
"Gabon",1995,0,-1
"Gabon",1996,0,0
"Gabon",1997,0,0
"Gabon",1998,2,2
"Gabon",1999,2,0
"Gabon",2000,0,-2
"Gabon",2001,0,0
"Gabon",2002,0,0
"Gabon",2003,0,0
"Gabon",2004,1,1
"Gabon",2005,2,1
"Gabon",2006,1,-1
"Gabon",2007,0,-1
"Gabon",2008,1,1
"Gabon",2009,3,2
"Gabon",2010,1,-2
"Gabon",2011,2,1
"Gabon",2012,1,-1
"Gabon",2013,1,0
"Gabon",2014,1,0
"Gabon",2015,1,0
"Gabon",2016,2,1
"Gabon",2017,0,-2
"Gambia",1990,0,
"Gambia",1991,1,1
"Gambia",1992,0,-1
"Gambia",1993,0,0
"Gambia",1994,1,1
"Gambia",1995,0,-1
"Gambia",1996,0,0
"Gambia",1997,0,0
"Gambia",1998,0,0
"Gambia",1999,0,0
"Gambia",2000,2,2
"Gambia",2001,0,-2
"Gambia",2002,0,0
"Gambia",2003,0,0
"Gambia",2004,0,0
"Gambia",2005,0,0
"Gambia",2006,0,0
"Gambia",2007,1,1
"Gambia",2008,0,-1
"Gambia",2009,0,0
"Gambia",2010,0,0
"Gambia",2011,0,0
"Gambia",2012,0,0
"Gambia",2013,0,0
"Gambia",2014,0,0
"Gambia",2015,0,0
"Gambia",2016,2,2
"Gambia",2017,0,-2
"Georgia",1990,2,
"Georgia",1991,5,3
"Georgia",1992,6,1
"Georgia",1993,0,-6
"Georgia",1994,3,3
"Georgia",1995,2,-1
"Georgia",1996,4,2
"Georgia",1997,1,-3
"Georgia",1998,0,-1
"Georgia",1999,1,1
"Georgia",2000,0,-1
"Georgia",2001,3,3
"Georgia",2002,0,-3
"Georgia",2003,3,3
"Georgia",2004,3,0
"Georgia",2005,1,-2
"Georgia",2006,0,-1
"Georgia",2007,3,3
"Georgia",2008,1,-2
"Georgia",2009,3,2
"Georgia",2010,0,-3
"Georgia",2011,2,2
"Georgia",2012,2,0
"Georgia",2013,2,0
"Georgia",2014,3,1
"Georgia",2015,0,-3
"Georgia",2016,4,4
"Georgia",2017,0,-4
"Germany",1990,5,
"Germany",1991,15,10
"Germany",1992,9,-6
"Germany",1993,13,4
"Germany",1994,2,-11
"Germany",1995,4,2
"Germany",1996,7,3
"Germany",1997,10,3
"Germany",1998,6,-4
"Germany",1999,4,-2
"Germany",2000,11,7
"Germany",2001,10,-1
"Germany",2002,3,-7
"Germany",2003,5,2
"Germany",2004,12,7
"Germany",2005,4,-8
"Germany",2006,2,-2
"Germany",2007,6,4
"Germany",2008,1,-5
"Germany",2009,5,4
"Germany",2010,12,7
"Germany",2011,8,-4
"Germany",2012,5,-3
"Germany",2013,5,0
"Germany",2014,15,10
"Germany",2015,62,47
"Germany",2016,48,-14
"Germany",2017,1,-47
"Germany East",1990,11,
"Germany West",1990,2,
"Ghana",1990,0,
"Ghana",1991,1,1
"Ghana",1992,0,-1
"Ghana",1993,2,2
"Ghana",1994,1,-1
"Ghana",1995,6,5
"Ghana",1996,0,-6
"Ghana",1997,0,0
"Ghana",1998,1,1
"Ghana",1999,4,3
"Ghana",2000,0,-4
"Ghana",2001,0,0
"Ghana",2002,0,0
"Ghana",2003,3,3
"Ghana",2004,0,-3
"Ghana",2005,1,1
"Ghana",2006,0,-1
"Ghana",2007,1,1
"Ghana",2008,1,0
"Ghana",2009,0,-1
"Ghana",2010,4,4
"Ghana",2011,7,3
"Ghana",2012,8,1
"Ghana",2013,4,-4
"Ghana",2014,3,-1
"Ghana",2015,6,3
"Ghana",2016,9,3
"Ghana",2017,0,-9
"Greece",1990,7,
"Greece",1991,5,-2
"Greece",1992,6,1
"Greece",1993,2,-4
"Greece",1994,1,-1
"Greece",1995,4,3
"Greece",1996,4,0
"Greece",1997,2,-2
"Greece",1998,9,7
"Greece",1999,3,-6
"Greece",2000,2,-1
"Greece",2001,4,2
"Greece",2002,1,-3
"Greece",2003,6,5
"Greece",2004,1,-5
"Greece",2005,5,4
"Greece",2006,17,12
"Greece",2007,26,9
"Greece",2008,10,-16
"Greece",2009,9,-1
"Greece",2010,34,25
"Greece",2011,27,-7
"Greece",2012,26,-1
"Greece",2013,19,-7
"Greece",2014,7,-12
"Greece",2015,36,29
"Greece",2016,23,-13
"Greece",2017,1,-22
"Guatemala",1990,1,
"Guatemala",1991,1,0
"Guatemala",1992,1,0
"Guatemala",1993,3,2
"Guatemala",1994,2,-1
"Guatemala",1995,0,-2
"Guatemala",1996,3,3
"Guatemala",1997,5,2
"Guatemala",1998,0,-5
"Guatemala",1999,0,0
"Guatemala",2000,1,1
"Guatemala",2001,14,13
"Guatemala",2002,8,-6
"Guatemala",2003,10,2
"Guatemala",2004,4,-6
"Guatemala",2005,8,4
"Guatemala",2006,1,-7
"Guatemala",2007,1,0
"Guatemala",2008,3,2
"Guatemala",2009,3,0
"Guatemala",2010,0,-3
"Guatemala",2011,0,0
"Guatemala",2012,3,3
"Guatemala",2013,5,2
"Guatemala",2014,1,-4
"Guatemala",2015,21,20
"Guatemala",2016,1,-20
"Guatemala",2017,0,-1
"Guinea",1990,0,
"Guinea",1991,2,2
"Guinea",1992,0,-2
"Guinea",1993,2,2
"Guinea",1994,0,-2
"Guinea",1995,0,0
"Guinea",1996,0,0
"Guinea",1997,0,0
"Guinea",1998,2,2
"Guinea",1999,0,-2
"Guinea",2000,0,0
"Guinea",2001,3,3
"Guinea",2002,0,-3
"Guinea",2003,1,1
"Guinea",2004,4,3
"Guinea",2005,0,-4
"Guinea",2006,6,6
"Guinea",2007,8,2
"Guinea",2008,6,-2
"Guinea",2009,4,-2
"Guinea",2010,1,-3
"Guinea",2011,1,0
"Guinea",2012,12,11
"Guinea",2013,15,3
"Guinea",2014,0,-15
"Guinea",2015,9,9
"Guinea",2016,3,-6
"Guinea",2017,1,-2
"Guinea-Bissau",1990,0,
"Guinea-Bissau",1991,0,0
"Guinea-Bissau",1992,0,0
"Guinea-Bissau",1993,0,0
"Guinea-Bissau",1994,1,1
"Guinea-Bissau",1995,0,-1
"Guinea-Bissau",1996,0,0
"Guinea-Bissau",1997,0,0
"Guinea-Bissau",1998,0,0
"Guinea-Bissau",1999,3,3
"Guinea-Bissau",2000,0,-3
"Guinea-Bissau",2001,3,3
"Guinea-Bissau",2002,0,-3
"Guinea-Bissau",2003,0,0
"Guinea-Bissau",2004,2,2
"Guinea-Bissau",2005,6,4
"Guinea-Bissau",2006,0,-6
"Guinea-Bissau",2007,0,0
"Guinea-Bissau",2008,0,0
"Guinea-Bissau",2009,0,0
"Guinea-Bissau",2010,1,1
"Guinea-Bissau",2011,5,4
"Guinea-Bissau",2012,1,-4
"Guinea-Bissau",2013,1,0
"Guinea-Bissau",2014,0,-1
"Guinea-Bissau",2015,0,0
"Guinea-Bissau",2016,1,1
"Guinea-Bissau",2017,2,1
"Guyana",1990,0,
"Guyana",1991,0,0
"Guyana",1992,3,3
"Guyana",1993,0,-3
"Guyana",1994,0,0
"Guyana",1995,0,0
"Guyana",1996,0,0
"Guyana",1997,3,3
"Guyana",1998,8,5
"Guyana",1999,1,-7
"Guyana",2000,0,-1
"Guyana",2001,1,1
"Guyana",2002,1,0
"Guyana",2003,1,0
"Guyana",2004,1,0
"Guyana",2005,0,-1
"Guyana",2006,1,1
"Guyana",2007,1,0
"Guyana",2008,3,2
"Guyana",2009,0,-3
"Guyana",2010,0,0
"Guyana",2011,2,2
"Guyana",2012,1,-1
"Guyana",2013,2,1
"Guyana",2014,3,1
"Guyana",2015,2,-1
"Guyana",2016,1,-1
"Guyana",2017,0,-1
"Haiti",1990,2,
"Haiti",1991,3,1
"Haiti",1992,2,-1
"Haiti",1993,5,3
"Haiti",1994,10,5
"Haiti",1995,2,-8
"Haiti",1996,1,-1
"Haiti",1997,4,3
"Haiti",1998,3,-1
"Haiti",1999,6,3
"Haiti",2000,4,-2
"Haiti",2001,1,-3
"Haiti",2002,4,3
"Haiti",2003,2,-2
"Haiti",2004,8,6
"Haiti",2005,2,-6
"Haiti",2006,4,2
"Haiti",2007,1,-3
"Haiti",2008,3,2
"Haiti",2009,0,-3
"Haiti",2010,4,4
"Haiti",2011,2,-2
"Haiti",2012,3,1
"Haiti",2013,7,4
"Haiti",2014,9,2
"Haiti",2015,5,-4
"Haiti",2016,3,-2
"Haiti",2017,0,-3
"Honduras",1990,2,
"Honduras",1991,2,0
"Honduras",1992,3,1
"Honduras",1993,2,-1
"Honduras",1994,6,4
"Honduras",1995,3,-3
"Honduras",1996,3,0
"Honduras",1997,8,5
"Honduras",1998,4,-4
"Honduras",1999,5,1
"Honduras",2000,2,-3
"Honduras",2001,1,-1
"Honduras",2002,4,3
"Honduras",2003,1,-3
"Honduras",2004,6,5
"Honduras",2005,2,-4
"Honduras",2006,1,-1
"Honduras",2007,2,1
"Honduras",2008,0,-2
"Honduras",2009,9,9
"Honduras",2010,1,-8
"Honduras",2011,6,5
"Honduras",2012,2,-4
"Honduras",2013,5,3
"Honduras",2014,0,-5
"Honduras",2015,17,17
"Honduras",2016,2,-15
"Honduras",2017,0,-2
"Hungary",1990,5,
"Hungary",1991,0,-5
"Hungary",1992,3,3
"Hungary",1993,1,-2
"Hungary",1994,2,1
"Hungary",1995,1,-1
"Hungary",1996,1,0
"Hungary",1997,0,-1
"Hungary",1998,1,1
"Hungary",1999,2,1
"Hungary",2000,1,-1
"Hungary",2001,1,0
"Hungary",2002,2,1
"Hungary",2003,0,-2
"Hungary",2004,0,0
"Hungary",2005,0,0
"Hungary",2006,7,7
"Hungary",2007,5,-2
"Hungary",2008,1,-4
"Hungary",2009,2,1
"Hungary",2010,0,-2
"Hungary",2011,3,3
"Hungary",2012,2,-1
"Hungary",2013,3,1
"Hungary",2014,3,0
"Hungary",2015,6,3
"Hungary",2016,2,-4
"Hungary",2017,0,-2
"India",1990,10,
"India",1991,1,-9
"India",1992,3,2
"India",1993,3,0
"India",1994,5,2
"India",1995,1,-4
"India",1996,4,3
"India",1997,3,-1
"India",1998,6,3
"India",1999,1,-5
"India",2000,5,4
"India",2001,9,4
"India",2002,4,-5
"India",2003,0,-4
"India",2004,4,4
"India",2005,4,0
"India",2006,10,6
"India",2007,14,4
"India",2008,13,-1
"India",2009,5,-8
"India",2010,8,3
"India",2011,9,1
"India",2012,9,0
"India",2013,9,0
"India",2014,14,5
"India",2015,11,-3
"India",2016,7,-4
"India",2017,1,-6
"Indonesia",1990,1,
"Indonesia",1991,2,1
"Indonesia",1992,1,-1
"Indonesia",1993,4,3
"Indonesia",1994,8,4
"Indonesia",1995,5,-3
"Indonesia",1996,7,2
"Indonesia",1997,5,-2
"Indonesia",1998,23,18
"Indonesia",1999,15,-8
"Indonesia",2000,9,-6
"Indonesia",2001,5,-4
"Indonesia",2002,6,1
"Indonesia",2003,3,-3
"Indonesia",2004,3,0
"Indonesia",2005,3,0
"Indonesia",2006,7,4
"Indonesia",2007,1,-6
"Indonesia",2008,3,2
"Indonesia",2009,1,-2
"Indonesia",2010,3,2
"Indonesia",2011,2,-1
"Indonesia",2012,1,-1
"Indonesia",2013,5,4
"Indonesia",2014,6,1
"Indonesia",2015,1,-5
"Indonesia",2016,7,6
"Indonesia",2017,0,-7
"Iran",1990,1,
"Iran",1991,3,2
"Iran",1992,3,0
"Iran",1993,0,-3
"Iran",1994,4,4
"Iran",1995,1,-3
"Iran",1996,0,-1
"Iran",1997,0,0
"Iran",1998,5,5
"Iran",1999,4,-1
"Iran",2000,5,1
"Iran",2001,5,0
"Iran",2002,8,3
"Iran",2003,2,-6
"Iran",2004,0,-2
"Iran",2005,3,3
"Iran",2006,5,2
"Iran",2007,7,2
"Iran",2008,1,-6
"Iran",2009,21,20
"Iran",2010,3,-18
"Iran",2011,5,2
"Iran",2012,1,-4
"Iran",2013,2,1
"Iran",2014,4,2
"Iran",2015,4,0
"Iran",2016,4,0
"Iran",2017,2,-2
"Iraq",1990,0,
"Iraq",1991,1,1
"Iraq",1992,1,0
"Iraq",1993,0,-1
"Iraq",1994,1,1
"Iraq",1995,1,0
"Iraq",1996,0,-1
"Iraq",1997,0,0
"Iraq",1998,0,0
"Iraq",1999,0,0
"Iraq",2000,0,0
"Iraq",2001,0,0
"Iraq",2002,1,1
"Iraq",2003,8,7
"Iraq",2004,7,-1
"Iraq",2005,14,7
"Iraq",2006,2,-12
"Iraq",2007,4,2
"Iraq",2008,10,6
"Iraq",2009,4,-6
"Iraq",2010,7,3
"Iraq",2011,11,4
"Iraq",2012,2,-9
"Iraq",2013,10,8
"Iraq",2014,1,-9
"Iraq",2015,7,6
"Iraq",2016,6,-1
"Iraq",2017,0,-6
"Ireland",1990,0,
"Ireland",1991,0,0
"Ireland",1992,17,17
"Ireland",1993,9,-8
"Ireland",1994,33,24
"Ireland",1995,0,-33
"Ireland",1996,1,1
"Ireland",1997,28,27
"Ireland",1998,0,-28
"Ireland",1999,1,1
"Ireland",2000,1,0
"Ireland",2001,0,-1
"Ireland",2002,1,1
"Ireland",2003,40,39
"Ireland",2004,27,-13
"Ireland",2005,29,2
"Ireland",2006,38,9
"Ireland",2007,41,3
"Ireland",2008,1,-40
"Ireland",2009,3,2
"Ireland",2010,4,1
"Ireland",2011,0,-4
"Ireland",2012,2,2
"Ireland",2013,27,25
"Ireland",2014,56,29
"Ireland",2015,32,-24
"Ireland",2016,19,-13
"Ireland",2017,5,-14
"Italy",1990,1,
"Italy",1991,2,1
"Italy",1992,6,4
"Italy",1993,7,1
"Italy",1994,4,-3
"Italy",1995,1,-3
"Italy",1996,1,0
"Italy",1997,2,1
"Italy",1998,2,0
"Italy",1999,3,1
"Italy",2000,4,1
"Italy",2001,6,2
"Italy",2002,17,11
"Italy",2003,3,-14
"Italy",2004,11,8
"Italy",2005,7,-4
"Italy",2006,7,0
"Italy",2007,7,0
"Italy",2008,7,0
"Italy",2009,6,-1
"Italy",2010,7,1
"Italy",2011,9,2
"Italy",2012,5,-4
"Italy",2013,3,-2
"Italy",2014,6,3
"Italy",2015,0,-6
"Italy",2016,9,9
"Italy",2017,1,-8
"Ivory Coast",1990,14,
"Ivory Coast",1991,8,-6
"Ivory Coast",1992,6,-2
"Ivory Coast",1993,1,-5
"Ivory Coast",1994,1,0
"Ivory Coast",1995,6,5
"Ivory Coast",1996,0,-6
"Ivory Coast",1997,2,2
"Ivory Coast",1998,5,3
"Ivory Coast",1999,13,8
"Ivory Coast",2000,7,-6
"Ivory Coast",2001,6,-1
"Ivory Coast",2002,1,-5
"Ivory Coast",2003,3,2
"Ivory Coast",2004,1,-2
"Ivory Coast",2005,1,0
"Ivory Coast",2006,3,2
"Ivory Coast",2007,4,1
"Ivory Coast",2008,6,2
"Ivory Coast",2009,0,-6
"Ivory Coast",2010,6,6
"Ivory Coast",2011,5,-1
"Ivory Coast",2012,0,-5
"Ivory Coast",2013,0,0
"Ivory Coast",2014,0,0
"Ivory Coast",2015,0,0
"Ivory Coast",2016,4,4
"Ivory Coast",2017,6,2
"Jamaica",1990,0,
"Jamaica",1991,2,2
"Jamaica",1992,0,-2
"Jamaica",1993,1,1
"Jamaica",1994,0,-1
"Jamaica",1995,0,0
"Jamaica",1996,1,1
"Jamaica",1997,0,-1
"Jamaica",1998,1,1
"Jamaica",1999,2,1
"Jamaica",2000,0,-2
"Jamaica",2001,1,1
"Jamaica",2002,1,0
"Jamaica",2003,5,4
"Jamaica",2004,2,-3
"Jamaica",2005,2,0
"Jamaica",2006,1,-1
"Jamaica",2007,0,-1
"Jamaica",2008,0,0
"Jamaica",2009,0,0
"Jamaica",2010,1,1
"Jamaica",2011,0,-1
"Jamaica",2012,0,0
"Jamaica",2013,0,0
"Jamaica",2014,7,7
"Jamaica",2015,1,-6
"Jamaica",2016,0,-1
"Jamaica",2017,0,0
"Japan",1990,5,
"Japan",1991,2,-3
"Japan",1992,6,4
"Japan",1993,2,-4
"Japan",1994,0,-2
"Japan",1995,0,0
"Japan",1996,0,0
"Japan",1997,4,4
"Japan",1998,0,-4
"Japan",1999,3,3
"Japan",2000,1,-2
"Japan",2001,0,-1
"Japan",2002,0,0
"Japan",2003,0,0
"Japan",2004,1,1
"Japan",2005,0,-1
"Japan",2006,2,2
"Japan",2007,3,1
"Japan",2008,0,-3
"Japan",2009,5,5
"Japan",2010,2,-3
"Japan",2011,1,-1
"Japan",2012,5,4
"Japan",2013,3,-2
"Japan",2014,2,-1
"Japan",2015,10,8
"Japan",2016,1,-9
"Japan",2017,0,-1
"Jordan",1990,0,
"Jordan",1991,0,0
"Jordan",1992,0,0
"Jordan",1993,0,0
"Jordan",1994,2,2
"Jordan",1995,0,-2
"Jordan",1996,1,1
"Jordan",1997,2,1
"Jordan",1998,0,-2
"Jordan",1999,0,0
"Jordan",2000,0,0
"Jordan",2001,0,0
"Jordan",2002,0,0
"Jordan",2003,0,0
"Jordan",2004,0,0
"Jordan",2005,0,0
"Jordan",2006,0,0
"Jordan",2007,0,0
"Jordan",2008,0,0
"Jordan",2009,0,0
"Jordan",2010,4,4
"Jordan",2011,15,11
"Jordan",2012,8,-7
"Jordan",2013,2,-6
"Jordan",2014,4,2
"Jordan",2015,2,-2
"Jordan",2016,3,1
"Jordan",2017,0,-3
"Kazakhstan",1990,1,
"Kazakhstan",1991,0,-1
"Kazakhstan",1992,2,2
"Kazakhstan",1993,1,-1
"Kazakhstan",1994,2,1
"Kazakhstan",1995,2,0
"Kazakhstan",1996,6,4
"Kazakhstan",1997,11,5
"Kazakhstan",1998,5,-6
"Kazakhstan",1999,5,0
"Kazakhstan",2000,1,-4
"Kazakhstan",2001,0,-1
"Kazakhstan",2002,1,1
"Kazakhstan",2003,1,0
"Kazakhstan",2004,6,5
"Kazakhstan",2005,3,-3
"Kazakhstan",2006,6,3
"Kazakhstan",2007,4,-2
"Kazakhstan",2008,5,1
"Kazakhstan",2009,4,-1
"Kazakhstan",2010,4,0
"Kazakhstan",2011,5,1
"Kazakhstan",2012,1,-4
"Kazakhstan",2013,0,-1
"Kazakhstan",2014,2,2
"Kazakhstan",2015,0,-2
"Kazakhstan",2016,1,1
"Kazakhstan",2017,0,-1
"Kenya",1990,5,
"Kenya",1991,2,-3
"Kenya",1992,2,0
"Kenya",1993,2,0
"Kenya",1994,0,-2
"Kenya",1995,1,1
"Kenya",1996,2,1
"Kenya",1997,8,6
"Kenya",1998,4,-4
"Kenya",1999,2,-2
"Kenya",2000,3,1
"Kenya",2001,3,0
"Kenya",2002,6,3
"Kenya",2003,2,-4
"Kenya",2004,4,2
"Kenya",2005,6,2
"Kenya",2006,6,0
"Kenya",2007,4,-2
"Kenya",2008,13,9
"Kenya",2009,1,-12
"Kenya",2010,41,40
"Kenya",2011,0,-41
"Kenya",2012,42,42
"Kenya",2013,21,-21
"Kenya",2014,3,-18
"Kenya",2015,143,140
"Kenya",2016,6,-137
"Kenya",2017,1,-5
"Kosovo",2008,1,
"Kosovo",2009,1,0
"Kosovo",2010,2,1
"Kosovo",2011,3,1
"Kosovo",2012,0,-3
"Kosovo",2013,1,1
"Kosovo",2014,0,-1
"Kosovo",2015,5,5
"Kosovo",2016,2,-3
"Kosovo",2017,0,-2
"Kuwait",1990,0,
"Kuwait",1991,3,3
"Kuwait",1992,1,-2
"Kuwait",1993,1,0
"Kuwait",1994,0,-1
"Kuwait",1995,0,0
"Kuwait",1996,0,0
"Kuwait",1997,0,0
"Kuwait",1998,0,0
"Kuwait",1999,1,1
"Kuwait",2000,1,0
"Kuwait",2001,0,-1
"Kuwait",2002,0,0
"Kuwait",2003,0,0
"Kuwait",2004,0,0
"Kuwait",2005,1,1
"Kuwait",2006,1,0
"Kuwait",2007,0,-1
"Kuwait",2008,2,2
"Kuwait",2009,0,-2
"Kuwait",2010,1,1
"Kuwait",2011,4,3
"Kuwait",2012,11,7
"Kuwait",2013,5,-6
"Kuwait",2014,5,0
"Kuwait",2015,0,-5
"Kuwait",2016,1,1
"Kuwait",2017,0,-1
"Kyrgyzstan",1990,1,
"Kyrgyzstan",1991,0,-1
"Kyrgyzstan",1992,1,1
"Kyrgyzstan",1993,0,-1
"Kyrgyzstan",1994,1,1
"Kyrgyzstan",1995,0,-1
"Kyrgyzstan",1996,0,0
"Kyrgyzstan",1997,0,0
"Kyrgyzstan",1998,2,2
"Kyrgyzstan",1999,0,-2
"Kyrgyzstan",2000,5,5
"Kyrgyzstan",2001,2,-3
"Kyrgyzstan",2002,14,12
"Kyrgyzstan",2003,0,-14
"Kyrgyzstan",2004,1,1
"Kyrgyzstan",2005,13,12
"Kyrgyzstan",2006,4,-9
"Kyrgyzstan",2007,2,-2
"Kyrgyzstan",2008,3,1
"Kyrgyzstan",2009,3,0
"Kyrgyzstan",2010,2,-1
"Kyrgyzstan",2011,34,32
"Kyrgyzstan",2012,33,-1
"Kyrgyzstan",2013,34,1
"Kyrgyzstan",2014,2,-32
"Kyrgyzstan",2015,0,-2
"Kyrgyzstan",2016,1,1
"Kyrgyzstan",2017,0,-1
"Laos",1990,0,
"Laos",1991,0,0
"Laos",1992,0,0
"Laos",1993,0,0
"Laos",1994,0,0
"Laos",1995,0,0
"Laos",1996,0,0
"Laos",1997,0,0
"Laos",1998,0,0
"Laos",1999,1,1
"Laos",2000,1,0
"Laos",2001,0,-1
"Laos",2002,0,0
"Laos",2003,0,0
"Laos",2004,0,0
"Laos",2005,0,0
"Laos",2006,0,0
"Laos",2007,0,0
"Laos",2008,0,0
"Laos",2009,0,0
"Laos",2010,0,0
"Laos",2011,0,0
"Laos",2012,0,0
"Laos",2013,0,0
"Laos",2014,0,0
"Laos",2015,0,0
"Laos",2016,0,0
"Laos",2017,0,0
"Latvia",1991,0,
"Latvia",1992,0,0
"Latvia",1993,1,1
"Latvia",1994,0,-1
"Latvia",1995,2,2
"Latvia",1996,10,8
"Latvia",1997,6,-4
"Latvia",1998,12,6
"Latvia",1999,7,-5
"Latvia",2000,0,-7
"Latvia",2001,0,0
"Latvia",2002,6,6
"Latvia",2003,7,1
"Latvia",2004,3,-4
"Latvia",2005,0,-3
"Latvia",2006,0,0
"Latvia",2007,5,5
"Latvia",2008,4,-1
"Latvia",2009,1,-3
"Latvia",2010,1,0
"Latvia",2011,10,9
"Latvia",2012,4,-6
"Latvia",2013,0,-4
"Latvia",2014,0,0
"Latvia",2015,0,0
"Latvia",2016,0,0
"Latvia",2017,0,0
"Lebanon",1990,2,
"Lebanon",1991,0,-2
"Lebanon",1992,4,4
"Lebanon",1993,3,-1
"Lebanon",1994,2,-1
"Lebanon",1995,0,-2
"Lebanon",1996,0,0
"Lebanon",1997,1,1
"Lebanon",1998,0,-1
"Lebanon",1999,0,0
"Lebanon",2000,2,2
"Lebanon",2001,1,-1
"Lebanon",2002,5,4
"Lebanon",2003,0,-5
"Lebanon",2004,1,1
"Lebanon",2005,7,6
"Lebanon",2006,6,-1
"Lebanon",2007,2,-4
"Lebanon",2008,4,2
"Lebanon",2009,0,-4
"Lebanon",2010,0,0
"Lebanon",2011,4,4
"Lebanon",2012,1,-3
"Lebanon",2013,1,0
"Lebanon",2014,4,3
"Lebanon",2015,7,3
"Lebanon",2016,0,-7
"Lebanon",2017,0,0
"Lesotho",1990,0,
"Lesotho",1991,0,0
"Lesotho",1992,0,0
"Lesotho",1993,0,0
"Lesotho",1994,5,5
"Lesotho",1995,1,-4
"Lesotho",1996,2,1
"Lesotho",1997,4,2
"Lesotho",1998,4,0
"Lesotho",1999,2,-2
"Lesotho",2000,2,0
"Lesotho",2001,2,0
"Lesotho",2002,1,-1
"Lesotho",2003,5,4
"Lesotho",2004,0,-5
"Lesotho",2005,0,0
"Lesotho",2006,0,0
"Lesotho",2007,1,1
"Lesotho",2008,0,-1
"Lesotho",2009,0,0
"Lesotho",2010,0,0
"Lesotho",2011,2,2
"Lesotho",2012,0,-2
"Lesotho",2013,0,0
"Lesotho",2014,0,0
"Lesotho",2015,0,0
"Lesotho",2016,1,1
"Lesotho",2017,0,-1
"Liberia",1990,1,
"Liberia",1991,0,-1
"Liberia",1992,0,0
"Liberia",1993,1,1
"Liberia",1994,0,-1
"Liberia",1995,0,0
"Liberia",1996,1,1
"Liberia",1997,0,-1
"Liberia",1998,2,2
"Liberia",1999,2,0
"Liberia",2000,0,-2
"Liberia",2001,1,1
"Liberia",2002,2,1
"Liberia",2003,3,1
"Liberia",2004,8,5
"Liberia",2005,7,-1
"Liberia",2006,3,-4
"Liberia",2007,1,-2
"Liberia",2008,0,-1
"Liberia",2009,0,0
"Liberia",2010,2,2
"Liberia",2011,4,2
"Liberia",2012,2,-2
"Liberia",2013,6,4
"Liberia",2014,3,-3
"Liberia",2015,8,5
"Liberia",2016,1,-7
"Liberia",2017,1,0
"Libya",1990,0,
"Libya",1991,0,0
"Libya",1992,0,0
"Libya",1993,1,1
"Libya",1994,0,-1
"Libya",1995,0,0
"Libya",1996,1,1
"Libya",1997,0,-1
"Libya",1998,0,0
"Libya",1999,0,0
"Libya",2000,0,0
"Libya",2001,0,0
"Libya",2002,0,0
"Libya",2003,0,0
"Libya",2004,0,0
"Libya",2005,0,0
"Libya",2006,0,0
"Libya",2007,0,0
"Libya",2008,0,0
"Libya",2009,0,0
"Libya",2010,0,0
"Libya",2011,7,7
"Libya",2012,5,-2
"Libya",2013,1,-4
"Libya",2014,4,3
"Libya",2015,3,-1
"Libya",2016,0,-3
"Libya",2017,0,0
"Lithuania",1990,1,
"Lithuania",1991,0,-1
"Lithuania",1992,0,0
"Lithuania",1993,0,0
"Lithuania",1994,0,0
"Lithuania",1995,1,1
"Lithuania",1996,1,0
"Lithuania",1997,1,0
"Lithuania",1998,0,-1
"Lithuania",1999,11,11
"Lithuania",2000,12,1
"Lithuania",2001,0,-12
"Lithuania",2002,0,0
"Lithuania",2003,1,1
"Lithuania",2004,1,0
"Lithuania",2005,0,-1
"Lithuania",2006,0,0
"Lithuania",2007,0,0
"Lithuania",2008,0,0
"Lithuania",2009,1,1
"Lithuania",2010,1,0
"Lithuania",2011,0,-1
"Lithuania",2012,0,0
"Lithuania",2013,1,1
"Lithuania",2014,0,-1
"Lithuania",2015,1,1
"Lithuania",2016,0,-1
"Lithuania",2017,0,0
"Luxembourg",1990,0,
"Luxembourg",1991,0,0
"Luxembourg",1992,0,0
"Luxembourg",1993,1,1
"Luxembourg",1994,0,-1
"Luxembourg",1995,0,0
"Luxembourg",1996,0,0
"Luxembourg",1997,2,2
"Luxembourg",1998,0,-2
"Luxembourg",1999,0,0
"Luxembourg",2000,0,0
"Luxembourg",2001,0,0
"Luxembourg",2002,0,0
"Luxembourg",2003,0,0
"Luxembourg",2004,0,0
"Luxembourg",2005,0,0
"Luxembourg",2006,0,0
"Luxembourg",2007,0,0
"Luxembourg",2008,0,0
"Luxembourg",2009,0,0
"Luxembourg",2010,0,0
"Luxembourg",2011,0,0
"Luxembourg",2012,0,0
"Luxembourg",2013,0,0
"Luxembourg",2014,0,0
"Luxembourg",2015,0,0
"Luxembourg",2016,0,0
"Luxembourg",2017,0,0
"Macedonia",1992,1,
"Macedonia",1993,2,1
"Macedonia",1994,1,-1
"Macedonia",1995,6,5
"Macedonia",1996,5,-1
"Macedonia",1997,1,-4
"Macedonia",1998,0,-1
"Macedonia",1999,0,0
"Macedonia",2000,3,3
"Macedonia",2001,6,3
"Macedonia",2002,8,2
"Macedonia",2003,0,-8
"Macedonia",2004,2,2
"Macedonia",2005,3,1
"Macedonia",2006,2,-1
"Macedonia",2007,0,-2
"Macedonia",2008,2,2
"Macedonia",2009,0,-2
"Macedonia",2010,3,3
"Macedonia",2011,4,1
"Macedonia",2012,8,4
"Macedonia",2013,7,-1
"Macedonia",2014,1,-6
"Macedonia",2015,2,1
"Macedonia",2016,2,0
"Macedonia",2017,2,0
"Madagascar",1990,1,
"Madagascar",1991,17,16
"Madagascar",1992,0,-17
"Madagascar",1993,1,1
"Madagascar",1994,0,-1
"Madagascar",1995,0,0
"Madagascar",1996,0,0
"Madagascar",1997,0,0
"Madagascar",1998,3,3
"Madagascar",1999,0,-3
"Madagascar",2000,1,1
"Madagascar",2001,0,-1
"Madagascar",2002,6,6
"Madagascar",2003,1,-5
"Madagascar",2004,6,5
"Madagascar",2005,2,-4
"Madagascar",2006,2,0
"Madagascar",2007,3,1
"Madagascar",2008,0,-3
"Madagascar",2009,7,7
"Madagascar",2010,1,-6
"Madagascar",2011,1,0
"Madagascar",2012,2,1
"Madagascar",2013,0,-2
"Madagascar",2014,2,2
"Madagascar",2015,1,-1
"Madagascar",2016,2,1
"Madagascar",2017,0,-2
"Malawi",1990,1,
"Malawi",1991,0,-1
"Malawi",1992,3,3
"Malawi",1993,0,-3
"Malawi",1994,3,3
"Malawi",1995,3,0
"Malawi",1996,0,-3
"Malawi",1997,0,0
"Malawi",1998,0,0
"Malawi",1999,2,2
"Malawi",2000,1,-1
"Malawi",2001,7,6
"Malawi",2002,2,-5
"Malawi",2003,4,2
"Malawi",2004,4,0
"Malawi",2005,1,-3
"Malawi",2006,3,2
"Malawi",2007,1,-2
"Malawi",2008,1,0
"Malawi",2009,1,0
"Malawi",2010,1,0
"Malawi",2011,1,0
"Malawi",2012,0,-1
"Malawi",2013,3,3
"Malawi",2014,4,1
"Malawi",2015,0,-4
"Malawi",2016,3,3
"Malawi",2017,1,-2
"Malaysia",1990,0,
"Malaysia",1991,0,0
"Malaysia",1992,0,0
"Malaysia",1993,2,2
"Malaysia",1994,0,-2
"Malaysia",1995,3,3
"Malaysia",1996,3,0
"Malaysia",1997,4,1
"Malaysia",1998,10,6
"Malaysia",1999,8,-2
"Malaysia",2000,10,2
"Malaysia",2001,7,-3
"Malaysia",2002,3,-4
"Malaysia",2003,4,1
"Malaysia",2004,1,-3
"Malaysia",2005,1,0
"Malaysia",2006,6,5
"Malaysia",2007,6,0
"Malaysia",2008,12,6
"Malaysia",2009,9,-3
"Malaysia",2010,7,-2
"Malaysia",2011,3,-4
"Malaysia",2012,2,-1
"Malaysia",2013,2,0
"Malaysia",2014,3,1
"Malaysia",2015,13,10
"Malaysia",2016,16,3
"Malaysia",2017,0,-16
"Mali",1990,2,
"Mali",1991,3,1
"Mali",1992,0,-3
"Mali",1993,1,1
"Mali",1994,1,0
"Mali",1995,0,-1
"Mali",1996,0,0
"Mali",1997,7,7
"Mali",1998,1,-6
"Mali",1999,0,-1
"Mali",2000,2,2
"Mali",2001,0,-2
"Mali",2002,1,1
"Mali",2003,0,-1
"Mali",2004,1,1
"Mali",2005,1,0
"Mali",2006,0,-1
"Mali",2007,2,2
"Mali",2008,2,0
"Mali",2009,1,-1
"Mali",2010,0,-1
"Mali",2011,2,2
"Mali",2012,5,3
"Mali",2013,2,-3
"Mali",2014,0,-2
"Mali",2015,0,0
"Mali",2016,4,4
"Mali",2017,2,-2
"Mauritania",1990,0,
"Mauritania",1991,2,2
"Mauritania",1992,5,3
"Mauritania",1993,0,-5
"Mauritania",1994,0,0
"Mauritania",1995,1,1
"Mauritania",1996,0,-1
"Mauritania",1997,0,0
"Mauritania",1998,1,1
"Mauritania",1999,3,2
"Mauritania",2000,5,2
"Mauritania",2001,1,-4
"Mauritania",2002,1,0
"Mauritania",2003,4,3
"Mauritania",2004,5,1
"Mauritania",2005,5,0
"Mauritania",2006,0,-5
"Mauritania",2007,2,2
"Mauritania",2008,8,6
"Mauritania",2009,11,3
"Mauritania",2010,1,-10
"Mauritania",2011,1,0
"Mauritania",2012,12,11
"Mauritania",2013,4,-8
"Mauritania",2014,1,-3
"Mauritania",2015,2,1
"Mauritania",2016,6,4
"Mauritania",2017,1,-5
"Mauritius",1990,0,
"Mauritius",1991,0,0
"Mauritius",1992,0,0
"Mauritius",1993,1,1
"Mauritius",1994,0,-1
"Mauritius",1995,0,0
"Mauritius",1996,0,0
"Mauritius",1997,0,0
"Mauritius",1998,0,0
"Mauritius",1999,2,2
"Mauritius",2000,4,2
"Mauritius",2001,0,-4
"Mauritius",2002,0,0
"Mauritius",2003,0,0
"Mauritius",2004,0,0
"Mauritius",2005,1,1
"Mauritius",2006,1,0
"Mauritius",2007,1,0
"Mauritius",2008,0,-1
"Mauritius",2009,1,1
"Mauritius",2010,0,-1
"Mauritius",2011,0,0
"Mauritius",2012,0,0
"Mauritius",2013,1,1
"Mauritius",2014,0,-1
"Mauritius",2015,1,1
"Mauritius",2016,0,-1
"Mauritius",2017,0,0
"Mexico",1990,5,
"Mexico",1991,4,-1
"Mexico",1992,5,1
"Mexico",1993,1,-4
"Mexico",1994,12,11
"Mexico",1995,10,-2
"Mexico",1996,6,-4
"Mexico",1997,3,-3
"Mexico",1998,8,5
"Mexico",1999,4,-4
"Mexico",2000,8,4
"Mexico",2001,3,-5
"Mexico",2002,1,-2
"Mexico",2003,2,1
"Mexico",2004,3,1
"Mexico",2005,2,-1
"Mexico",2006,7,5
"Mexico",2007,5,-2
"Mexico",2008,3,-2
"Mexico",2009,5,2
"Mexico",2010,1,-4
"Mexico",2011,2,1
"Mexico",2012,2,0
"Mexico",2013,3,1
"Mexico",2014,15,12
"Mexico",2015,13,-2
"Mexico",2016,5,-8
"Mexico",2017,2,-3
"Moldova",1991,7,
"Moldova",1992,1,-6
"Moldova",1993,2,1
"Moldova",1994,1,-1
"Moldova",1995,10,9
"Moldova",1996,0,-10
"Moldova",1997,1,1
"Moldova",1998,3,2
"Moldova",1999,2,-1
"Moldova",2000,8,6
"Moldova",2001,1,-7
"Moldova",2002,8,7
"Moldova",2003,9,1
"Moldova",2004,7,-2
"Moldova",2005,0,-7
"Moldova",2006,1,1
"Moldova",2007,0,-1
"Moldova",2008,1,1
"Moldova",2009,5,4
"Moldova",2010,0,-5
"Moldova",2011,1,1
"Moldova",2012,2,1
"Moldova",2013,2,0
"Moldova",2014,0,-2
"Moldova",2015,14,14
"Moldova",2016,16,2
"Moldova",2017,0,-16
"Mongolia",1990,12,
"Mongolia",1991,3,-9
"Mongolia",1992,0,-3
"Mongolia",1993,1,1
"Mongolia",1994,2,1
"Mongolia",1995,0,-2
"Mongolia",1996,1,1
"Mongolia",1997,1,0
"Mongolia",1998,2,1
"Mongolia",1999,0,-2
"Mongolia",2000,0,0
"Mongolia",2001,0,0
"Mongolia",2002,1,1
"Mongolia",2003,1,0
"Mongolia",2004,0,-1
"Mongolia",2005,6,6
"Mongolia",2006,9,3
"Mongolia",2007,1,-8
"Mongolia",2008,4,3
"Mongolia",2009,0,-4
"Mongolia",2010,1,1
"Mongolia",2011,0,-1
"Mongolia",2012,1,1
"Mongolia",2013,0,-1
"Mongolia",2014,0,0
"Mongolia",2015,0,0
"Mongolia",2016,0,0
"Mongolia",2017,1,1
"Montenegro",2006,0,
"Montenegro",2007,1,1
"Montenegro",2008,1,0
"Montenegro",2009,1,0
"Montenegro",2010,0,-1
"Montenegro",2011,0,0
"Montenegro",2012,2,2
"Montenegro",2013,0,-2
"Montenegro",2014,3,3
"Montenegro",2015,1,-2
"Montenegro",2016,0,-1
"Montenegro",2017,0,0
"Morocco",1990,1,
"Morocco",1991,1,0
"Morocco",1992,0,-1
"Morocco",1993,0,0
"Morocco",1994,1,1
"Morocco",1995,0,-1
"Morocco",1996,0,0
"Morocco",1997,0,0
"Morocco",1998,1,1
"Morocco",1999,0,-1
"Morocco",2000,3,3
"Morocco",2001,0,-3
"Morocco",2002,0,0
"Morocco",2003,0,0
"Morocco",2004,0,0
"Morocco",2005,0,0
"Morocco",2006,0,0
"Morocco",2007,0,0
"Morocco",2008,0,0
"Morocco",2009,0,0
"Morocco",2010,1,1
"Morocco",2011,6,5
"Morocco",2012,0,-6
"Morocco",2013,3,3
"Morocco",2014,3,0
"Morocco",2015,1,-2
"Morocco",2016,1,0
"Morocco",2017,0,-1
"Mozambique",1990,2,
"Mozambique",1991,1,-1
"Mozambique",1992,6,5
"Mozambique",1993,4,-2
"Mozambique",1994,6,2
"Mozambique",1995,3,-3
"Mozambique",1996,1,-2
"Mozambique",1997,2,1
"Mozambique",1998,1,-1
"Mozambique",1999,0,-1
"Mozambique",2000,1,1
"Mozambique",2001,1,0
"Mozambique",2002,0,-1
"Mozambique",2003,2,2
"Mozambique",2004,3,1
"Mozambique",2005,1,-2
"Mozambique",2006,0,-1
"Mozambique",2007,0,0
"Mozambique",2008,2,2
"Mozambique",2009,1,-1
"Mozambique",2010,4,3
"Mozambique",2011,4,0
"Mozambique",2012,5,1
"Mozambique",2013,8,3
"Mozambique",2014,6,-2
"Mozambique",2015,5,-1
"Mozambique",2016,3,-2
"Mozambique",2017,0,-3
"Myanmar",1990,3,
"Myanmar",1991,2,-1
"Myanmar",1992,0,-2
"Myanmar",1993,0,0
"Myanmar",1994,0,0
"Myanmar",1995,0,0
"Myanmar",1996,8,8
"Myanmar",1997,1,-7
"Myanmar",1998,2,1
"Myanmar",1999,0,-2
"Myanmar",2000,0,0
"Myanmar",2001,0,0
"Myanmar",2002,0,0
"Myanmar",2003,0,0
"Myanmar",2004,0,0
"Myanmar",2005,0,0
"Myanmar",2006,0,0
"Myanmar",2007,21,21
"Myanmar",2008,0,-21
"Myanmar",2009,0,0
"Myanmar",2010,0,0
"Myanmar",2011,0,0
"Myanmar",2012,2,2
"Myanmar",2013,1,-1
"Myanmar",2014,16,15
"Myanmar",2015,4,-12
"Myanmar",2016,5,1
"Myanmar",2017,0,-5
"Namibia",1990,1,
"Namibia",1991,2,1
"Namibia",1992,0,-2
"Namibia",1993,0,0
"Namibia",1994,0,0
"Namibia",1995,1,1
"Namibia",1996,0,-1
"Namibia",1997,11,11
"Namibia",1998,9,-2
"Namibia",1999,10,1
"Namibia",2000,6,-4
"Namibia",2001,6,0
"Namibia",2002,5,-1
"Namibia",2003,7,2
"Namibia",2004,11,4
"Namibia",2005,23,12
"Namibia",2006,13,-10
"Namibia",2007,0,-13
"Namibia",2008,0,0
"Namibia",2009,0,0
"Namibia",2010,17,17
"Namibia",2011,16,-1
"Namibia",2012,18,2
"Namibia",2013,13,-5
"Namibia",2014,11,-2
"Namibia",2015,13,2
"Namibia",2016,21,8
"Namibia",2017,2,-19
"Nepal",1990,20,
"Nepal",1991,2,-18
"Nepal",1992,5,3
"Nepal",1993,6,1
"Nepal",1994,10,4
"Nepal",1995,5,-5
"Nepal",1996,5,0
"Nepal",1997,12,7
"Nepal",1998,6,-6
"Nepal",1999,5,-1
"Nepal",2000,17,12
"Nepal",2001,4,-13
"Nepal",2002,5,1
"Nepal",2003,5,0
"Nepal",2004,2,-3
"Nepal",2005,15,13
"Nepal",2006,23,8
"Nepal",2007,6,-17
"Nepal",2008,5,-1
"Nepal",2009,9,4
"Nepal",2010,3,-6
"Nepal",2011,3,0
"Nepal",2012,6,3
"Nepal",2013,5,-1
"Nepal",2014,1,-4
"Nepal",2015,18,17
"Nepal",2016,3,-15
"Nepal",2017,0,-3
"Netherlands",1990,1,
"Netherlands",1991,0,-1
"Netherlands",1992,0,0
"Netherlands",1993,2,2
"Netherlands",1994,0,-2
"Netherlands",1995,0,0
"Netherlands",1996,0,0
"Netherlands",1997,1,1
"Netherlands",1998,0,-1
"Netherlands",1999,0,0
"Netherlands",2000,2,2
"Netherlands",2001,2,0
"Netherlands",2002,0,-2
"Netherlands",2003,0,0
"Netherlands",2004,1,1
"Netherlands",2005,0,-1
"Netherlands",2006,0,0
"Netherlands",2007,0,0
"Netherlands",2008,0,0
"Netherlands",2009,0,0
"Netherlands",2010,0,0
"Netherlands",2011,0,0
"Netherlands",2012,0,0
"Netherlands",2013,0,0
"Netherlands",2014,0,0
"Netherlands",2015,0,0
"Netherlands",2016,0,0
"Netherlands",2017,1,1
"Nicaragua",1990,2,
"Nicaragua",1991,0,-2
"Nicaragua",1992,5,5
"Nicaragua",1993,3,-2
"Nicaragua",1994,5,2
"Nicaragua",1995,4,-1
"Nicaragua",1996,2,-2
"Nicaragua",1997,4,2
"Nicaragua",1998,3,-1
"Nicaragua",1999,4,1
"Nicaragua",2000,4,0
"Nicaragua",2001,1,-3
"Nicaragua",2002,2,1
"Nicaragua",2003,2,0
"Nicaragua",2004,2,0
"Nicaragua",2005,6,4
"Nicaragua",2006,3,-3
"Nicaragua",2007,0,-3
"Nicaragua",2008,2,2
"Nicaragua",2009,1,-1
"Nicaragua",2010,1,0
"Nicaragua",2011,2,1
"Nicaragua",2012,1,-1
"Nicaragua",2013,1,0
"Nicaragua",2014,2,1
"Nicaragua",2015,3,1
"Nicaragua",2016,2,-1
"Nicaragua",2017,0,-2
"Niger",1990,4,
"Niger",1991,1,-3
"Niger",1992,3,2
"Niger",1993,4,1
"Niger",1994,12,8
"Niger",1995,6,-6
"Niger",1996,4,-2
"Niger",1997,4,0
"Niger",1998,10,6
"Niger",1999,4,-6
"Niger",2000,5,1
"Niger",2001,12,7
"Niger",2002,7,-5
"Niger",2003,2,-5
"Niger",2004,1,-1
"Niger",2005,4,3
"Niger",2006,5,1
"Niger",2007,2,-3
"Niger",2008,2,0
"Niger",2009,11,9
"Niger",2010,1,-10
"Niger",2011,0,-1
"Niger",2012,0,0
"Niger",2013,0,0
"Niger",2014,0,0
"Niger",2015,0,0
"Niger",2016,1,1
"Niger",2017,0,-1
"Nigeria",1990,0,
"Nigeria",1991,0,0
"Nigeria",1992,2,2
"Nigeria",1993,1,-1
"Nigeria",1994,10,9
"Nigeria",1995,1,-9
"Nigeria",1996,0,-1
"Nigeria",1997,0,0
"Nigeria",1998,2,2
"Nigeria",1999,0,-2
"Nigeria",2000,2,2
"Nigeria",2001,2,0
"Nigeria",2002,1,-1
"Nigeria",2003,1,0
"Nigeria",2004,2,1
"Nigeria",2005,2,0
"Nigeria",2006,1,-1
"Nigeria",2007,0,-1
"Nigeria",2008,0,0
"Nigeria",2009,0,0
"Nigeria",2010,2,2
"Nigeria",2011,1,-1
"Nigeria",2012,2,1
"Nigeria",2013,0,-2
"Nigeria",2014,2,2
"Nigeria",2015,2,0
"Nigeria",2016,58,56
"Nigeria",2017,8,-50
"North Korea",1990,0,
"North Korea",1991,1,1
"North Korea",1992,1,0
"North Korea",1993,1,0
"North Korea",1994,0,-1
"North Korea",1995,0,0
"North Korea",1996,2,2
"North Korea",1997,0,-2
"North Korea",1998,1,1
"North Korea",1999,1,0
"North Korea",2000,0,-1
"North Korea",2001,0,0
"North Korea",2002,0,0
"North Korea",2003,0,0
"North Korea",2004,0,0
"North Korea",2005,0,0
"North Korea",2006,0,0
"North Korea",2007,0,0
"North Korea",2008,0,0
"North Korea",2009,1,1
"North Korea",2010,0,-1
"North Korea",2011,0,0
"North Korea",2012,0,0
"North Korea",2013,0,0
"North Korea",2014,0,0
"North Korea",2015,0,0
"North Korea",2016,0,0
"North Korea",2017,0,0
"Norway",1990,0,
"Norway",1991,0,0
"Norway",1992,1,1
"Norway",1993,0,-1
"Norway",1994,0,0
"Norway",1995,0,0
"Norway",1996,0,0
"Norway",1997,0,0
"Norway",1998,0,0
"Norway",1999,1,1
"Norway",2000,2,1
"Norway",2001,1,-1
"Norway",2002,0,-1
"Norway",2003,0,0
"Norway",2004,0,0
"Norway",2005,0,0
"Norway",2006,0,0
"Norway",2007,0,0
"Norway",2008,0,0
"Norway",2009,0,0
"Norway",2010,0,0
"Norway",2011,0,0
"Norway",2012,0,0
"Norway",2013,0,0
"Norway",2014,0,0
"Norway",2015,1,1
"Norway",2016,0,-1
"Norway",2017,0,0
"Oman",1990,0,
"Oman",1991,0,0
"Oman",1992,0,0
"Oman",1993,0,0
"Oman",1994,0,0
"Oman",1995,0,0
"Oman",1996,0,0
"Oman",1997,0,0
"Oman",1998,0,0
"Oman",1999,0,0
"Oman",2000,0,0
"Oman",2001,0,0
"Oman",2002,0,0
"Oman",2003,0,0
"Oman",2004,0,0
"Oman",2005,0,0
"Oman",2006,0,0
"Oman",2007,0,0
"Oman",2008,0,0
"Oman",2009,0,0
"Oman",2010,0,0
"Oman",2011,21,21
"Oman",2012,2,-19
"Oman",2013,2,0
"Oman",2014,0,-2
"Oman",2015,0,0
"Oman",2016,0,0
"Oman",2017,0,0
"Pakistan",1990,5,
"Pakistan",1991,3,-2
"Pakistan",1992,5,2
"Pakistan",1993,0,-5
"Pakistan",1994,3,3
"Pakistan",1995,3,0
"Pakistan",1996,4,1
"Pakistan",1997,2,-2
"Pakistan",1998,6,4
"Pakistan",1999,5,-1
"Pakistan",2000,1,-4
"Pakistan",2001,12,11
"Pakistan",2002,4,-8
"Pakistan",2003,4,0
"Pakistan",2004,3,-1
"Pakistan",2005,8,5
"Pakistan",2006,7,-1
"Pakistan",2007,20,13
"Pakistan",2008,9,-11
"Pakistan",2009,4,-5
"Pakistan",2010,7,3
"Pakistan",2011,12,5
"Pakistan",2012,6,-6
"Pakistan",2013,8,2
"Pakistan",2014,7,-1
"Pakistan",2015,3,-4
"Pakistan",2016,2,-1
"Pakistan",2017,2,0
"Panama",1990,1,
"Panama",1991,1,0
"Panama",1992,3,2
"Panama",1993,4,1
"Panama",1994,0,-4
"Panama",1995,2,2
"Panama",1996,2,0
"Panama",1997,0,-2
"Panama",1998,4,4
"Panama",1999,0,-4
"Panama",2000,2,2
"Panama",2001,1,-1
"Panama",2002,0,-1
"Panama",2003,4,4
"Panama",2004,1,-3
"Panama",2005,3,2
"Panama",2006,2,-1
"Panama",2007,2,0
"Panama",2008,1,-1
"Panama",2009,0,-1
"Panama",2010,2,2
"Panama",2011,5,3
"Panama",2012,4,-1
"Panama",2013,2,-2
"Panama",2014,1,-1
"Panama",2015,1,0
"Panama",2016,0,-1
"Panama",2017,0,0
"Papua New Guinea",1990,3,
"Papua New Guinea",1991,2,-1
"Papua New Guinea",1992,0,-2
"Papua New Guinea",1993,1,1
"Papua New Guinea",1994,0,-1
"Papua New Guinea",1995,1,1
"Papua New Guinea",1996,1,0
"Papua New Guinea",1997,2,1
"Papua New Guinea",1998,1,-1
"Papua New Guinea",1999,0,-1
"Papua New Guinea",2000,2,2
"Papua New Guinea",2001,5,3
"Papua New Guinea",2002,0,-5
"Papua New Guinea",2003,0,0
"Papua New Guinea",2004,2,2
"Papua New Guinea",2005,5,3
"Papua New Guinea",2006,0,-5
"Papua New Guinea",2007,0,0
"Papua New Guinea",2008,0,0
"Papua New Guinea",2009,1,1
"Papua New Guinea",2010,2,1
"Papua New Guinea",2011,1,-1
"Papua New Guinea",2012,3,2
"Papua New Guinea",2013,1,-2
"Papua New Guinea",2014,1,0
"Papua New Guinea",2015,0,-1
"Papua New Guinea",2016,1,1
"Papua New Guinea",2017,0,-1
"Paraguay",1990,0,
"Paraguay",1991,1,1
"Paraguay",1992,0,-1
"Paraguay",1993,1,1
"Paraguay",1994,3,2
"Paraguay",1995,2,-1
"Paraguay",1996,6,4
"Paraguay",1997,1,-5
"Paraguay",1998,0,-1
"Paraguay",1999,2,2
"Paraguay",2000,2,0
"Paraguay",2001,8,6
"Paraguay",2002,4,-4
"Paraguay",2003,2,-2
"Paraguay",2004,5,3
"Paraguay",2005,2,-3
"Paraguay",2006,1,-1
"Paraguay",2007,2,1
"Paraguay",2008,5,3
"Paraguay",2009,4,-1
"Paraguay",2010,2,-2
"Paraguay",2011,1,-1
"Paraguay",2012,2,1
"Paraguay",2013,3,1
"Paraguay",2014,1,-2
"Paraguay",2015,3,2
"Paraguay",2016,1,-2
"Paraguay",2017,0,-1
"Peru",1990,7,
"Peru",1991,7,0
"Peru",1992,3,-4
"Peru",1993,2,-1
"Peru",1994,4,2
"Peru",1995,2,-2
"Peru",1996,4,2
"Peru",1997,7,3
"Peru",1998,9,2
"Peru",1999,8,-1
"Peru",2000,8,0
"Peru",2001,4,-4
"Peru",2002,10,6
"Peru",2003,9,-1
"Peru",2004,10,1
"Peru",2005,3,-7
"Peru",2006,3,0
"Peru",2007,8,5
"Peru",2008,13,5
"Peru",2009,8,-5
"Peru",2010,6,-2
"Peru",2011,5,-1
"Peru",2012,7,2
"Peru",2013,1,-6
"Peru",2014,4,3
"Peru",2015,1,-3
"Peru",2016,3,2
"Peru",2017,1,-2
"Philippines",1990,5,
"Philippines",1991,3,-2
"Philippines",1992,1,-2
"Philippines",1993,0,-1
"Philippines",1994,0,0
"Philippines",1995,3,3
"Philippines",1996,4,1
"Philippines",1997,1,-3
"Philippines",1998,0,-1
"Philippines",1999,1,1
"Philippines",2000,7,6
"Philippines",2001,3,-4
"Philippines",2002,0,-3
"Philippines",2003,0,0
"Philippines",2004,1,1
"Philippines",2005,3,2
"Philippines",2006,1,-2
"Philippines",2007,0,-1
"Philippines",2008,2,2
"Philippines",2009,1,-1
"Philippines",2010,0,-1
"Philippines",2011,1,1
"Philippines",2012,1,0
"Philippines",2013,3,2
"Philippines",2014,7,4
"Philippines",2015,3,-4
"Philippines",2016,2,-1
"Philippines",2017,1,-1
"Poland",1990,4,
"Poland",1991,2,-2
"Poland",1992,3,1
"Poland",1993,0,-3
"Poland",1994,2,2
"Poland",1995,5,3
"Poland",1996,21,16
"Poland",1997,13,-8
"Poland",1998,16,3
"Poland",1999,2,-14
"Poland",2000,2,0
"Poland",2001,0,-2
"Poland",2002,4,4
"Poland",2003,3,-1
"Poland",2004,1,-2
"Poland",2005,1,0
"Poland",2006,0,-1
"Poland",2007,2,2
"Poland",2008,0,-2
"Poland",2009,1,1
"Poland",2010,2,1
"Poland",2011,1,-1
"Poland",2012,3,2
"Poland",2013,3,0
"Poland",2014,1,-2
"Poland",2015,3,2
"Poland",2016,9,6
"Poland",2017,0,-9
"Portugal",1990,0,
"Portugal",1991,1,1
"Portugal",1992,0,-1
"Portugal",1993,0,0
"Portugal",1994,2,2
"Portugal",1995,3,1
"Portugal",1996,0,-3
"Portugal",1997,0,0
"Portugal",1998,0,0
"Portugal",1999,0,0
"Portugal",2000,0,0
"Portugal",2001,1,1
"Portugal",2002,0,-1
"Portugal",2003,1,1
"Portugal",2004,0,-1
"Portugal",2005,0,0
"Portugal",2006,0,0
"Portugal",2007,3,3
"Portugal",2008,2,-1
"Portugal",2009,1,-1
"Portugal",2010,2,1
"Portugal",2011,1,-1
"Portugal",2012,6,5
"Portugal",2013,2,-4
"Portugal",2014,0,-2
"Portugal",2015,0,0
"Portugal",2016,1,1
"Portugal",2017,0,-1
"Qatar",1990,0,
"Qatar",1991,0,0
"Qatar",1992,0,0
"Qatar",1993,0,0
"Qatar",1994,0,0
"Qatar",1995,0,0
"Qatar",1996,0,0
"Qatar",1997,0,0
"Qatar",1998,0,0
"Qatar",1999,0,0
"Qatar",2000,0,0
"Qatar",2001,1,1
"Qatar",2002,0,-1
"Qatar",2003,0,0
"Qatar",2004,0,0
"Qatar",2005,0,0
"Qatar",2006,0,0
"Qatar",2007,0,0
"Qatar",2008,0,0
"Qatar",2009,0,0
"Qatar",2010,0,0
"Qatar",2011,0,0
"Qatar",2012,0,0
"Qatar",2013,0,0
"Qatar",2014,0,0
"Qatar",2015,0,0
"Qatar",2016,0,0
"Qatar",2017,0,0
"Romania",1990,63,
"Romania",1991,14,-49
"Romania",1992,0,-14
"Romania",1993,9,9
"Romania",1994,10,1
"Romania",1995,20,10
"Romania",1996,0,-20
"Romania",1997,1,1
"Romania",1998,4,3
"Romania",1999,7,3
"Romania",2000,2,-5
"Romania",2001,2,0
"Romania",2002,3,1
"Romania",2003,2,-1
"Romania",2004,4,2
"Romania",2005,0,-4
"Romania",2006,1,1
"Romania",2007,1,0
"Romania",2008,0,-1
"Romania",2009,0,0
"Romania",2010,5,5
"Romania",2011,0,-5
"Romania",2012,1,1
"Romania",2013,8,7
"Romania",2014,2,-6
"Romania",2015,4,2
"Romania",2016,1,-3
"Romania",2017,29,28
"Russia",1992,11,
"Russia",1993,7,-4
"Russia",1994,5,-2
"Russia",1995,5,0
"Russia",1996,6,1
"Russia",1997,1,-5
"Russia",1998,7,6
"Russia",1999,2,-5
"Russia",2000,3,1
"Russia",2001,3,0
"Russia",2002,1,-2
"Russia",2003,1,0
"Russia",2004,5,4
"Russia",2005,12,7
"Russia",2006,4,-8
"Russia",2007,7,3
"Russia",2008,4,-3
"Russia",2009,5,1
"Russia",2010,16,11
"Russia",2011,11,-5
"Russia",2012,19,8
"Russia",2013,8,-11
"Russia",2014,10,2
"Russia",2015,5,-5
"Russia",2016,7,2
"Russia",2017,3,-4
"Rwanda",1990,0,
"Rwanda",1991,1,1
"Rwanda",1992,3,2
"Rwanda",1993,3,0
"Rwanda",1994,0,-3
"Rwanda",1995,0,0
"Rwanda",1996,0,0
"Rwanda",1997,0,0
"Rwanda",1998,0,0
"Rwanda",1999,0,0
"Rwanda",2000,0,0
"Rwanda",2001,0,0
"Rwanda",2002,0,0
"Rwanda",2003,0,0
"Rwanda",2004,0,0
"Rwanda",2005,0,0
"Rwanda",2006,0,0
"Rwanda",2007,0,0
"Rwanda",2008,0,0
"Rwanda",2009,0,0
"Rwanda",2010,1,1
"Rwanda",2011,0,-1
"Rwanda",2012,0,0
"Rwanda",2013,0,0
"Rwanda",2014,2,2
"Rwanda",2015,0,-2
"Rwanda",2016,0,0
"Rwanda",2017,0,0
"Saudi Arabia",1990,0,
"Saudi Arabia",1991,0,0
"Saudi Arabia",1992,0,0
"Saudi Arabia",1993,0,0
"Saudi Arabia",1994,1,1
"Saudi Arabia",1995,0,-1
"Saudi Arabia",1996,0,0
"Saudi Arabia",1997,0,0
"Saudi Arabia",1998,0,0
"Saudi Arabia",1999,0,0
"Saudi Arabia",2000,0,0
"Saudi Arabia",2001,0,0
"Saudi Arabia",2002,0,0
"Saudi Arabia",2003,3,3
"Saudi Arabia",2004,1,-2
"Saudi Arabia",2005,0,-1
"Saudi Arabia",2006,0,0
"Saudi Arabia",2007,0,0
"Saudi Arabia",2008,2,2
"Saudi Arabia",2009,0,-2
"Saudi Arabia",2010,0,0
"Saudi Arabia",2011,7,7
"Saudi Arabia",2012,3,-4
"Saudi Arabia",2013,2,-1
"Saudi Arabia",2014,0,-2
"Saudi Arabia",2015,0,0
"Saudi Arabia",2016,1,1
"Saudi Arabia",2017,0,-1
"Senegal",1990,0,
"Senegal",1991,0,0
"Senegal",1992,0,0
"Senegal",1993,5,5
"Senegal",1994,1,-4
"Senegal",1995,0,-1
"Senegal",1996,1,1
"Senegal",1997,1,0
"Senegal",1998,1,0
"Senegal",1999,0,-1
"Senegal",2000,0,0
"Senegal",2001,5,5
"Senegal",2002,1,-4
"Senegal",2003,0,-1
"Senegal",2004,0,0
"Senegal",2005,0,0
"Senegal",2006,0,0
"Senegal",2007,1,1
"Senegal",2008,1,0
"Senegal",2009,3,2
"Senegal",2010,7,4
"Senegal",2011,5,-2
"Senegal",2012,6,1
"Senegal",2013,2,-4
"Senegal",2014,2,0
"Senegal",2015,0,-2
"Senegal",2016,0,0
"Senegal",2017,0,0
"Serbia",2006,0,
"Serbia",2007,1,1
"Serbia",2008,1,0
"Serbia",2009,0,-1
"Serbia",2010,0,0
"Serbia",2011,1,1
"Serbia",2012,0,-1
"Serbia",2013,0,0
"Serbia",2014,1,1
"Serbia",2015,0,-1
"Serbia",2016,0,0
"Serbia",2017,0,0
"Serbia and Montenegro",2003,2,
"Serbia and Montenegro",2004,0,-2
"Serbia and Montenegro",2005,0,0
"Serbia and Montenegro",2006,0,0
"Sierra Leone",1990,0,
"Sierra Leone",1991,0,0
"Sierra Leone",1992,0,0
"Sierra Leone",1993,0,0
"Sierra Leone",1994,0,0
"Sierra Leone",1995,0,0
"Sierra Leone",1996,2,2
"Sierra Leone",1997,3,1
"Sierra Leone",1998,0,-3
"Sierra Leone",1999,0,0
"Sierra Leone",2000,0,0
"Sierra Leone",2001,0,0
"Sierra Leone",2002,0,0
"Sierra Leone",2003,0,0
"Sierra Leone",2004,0,0
"Sierra Leone",2005,2,2
"Sierra Leone",2006,2,0
"Sierra Leone",2007,0,-2
"Sierra Leone",2008,0,0
"Sierra Leone",2009,1,1
"Sierra Leone",2010,2,1
"Sierra Leone",2011,4,2
"Sierra Leone",2012,1,-3
"Sierra Leone",2013,1,0
"Sierra Leone",2014,0,-1
"Sierra Leone",2015,2,2
"Sierra Leone",2016,7,5
"Sierra Leone",2017,2,-5
"Singapore",1990,0,
"Singapore",1991,0,0
"Singapore",1992,0,0
"Singapore",1993,0,0
"Singapore",1994,0,0
"Singapore",1995,0,0
"Singapore",1996,0,0
"Singapore",1997,0,0
"Singapore",1998,0,0
"Singapore",1999,0,0
"Singapore",2000,0,0
"Singapore",2001,1,1
"Singapore",2002,0,-1
"Singapore",2003,0,0
"Singapore",2004,0,0
"Singapore",2005,0,0
"Singapore",2006,0,0
"Singapore",2007,0,0
"Singapore",2008,0,0
"Singapore",2009,0,0
"Singapore",2010,0,0
"Singapore",2011,0,0
"Singapore",2012,2,2
"Singapore",2013,0,-2
"Singapore",2014,5,5
"Singapore",2015,3,-2
"Singapore",2016,0,-3
"Singapore",2017,1,1
"Slovak Republic",1993,0,
"Slovak Republic",1994,2,2
"Slovak Republic",1995,3,1
"Slovak Republic",1996,4,1
"Slovak Republic",1997,4,0
"Slovak Republic",1998,0,-4
"Slovak Republic",1999,1,1
"Slovak Republic",2000,1,0
"Slovak Republic",2001,3,2
"Slovak Republic",2002,0,-3
"Slovak Republic",2003,0,0
"Slovak Republic",2004,3,3
"Slovak Republic",2005,0,-3
"Slovak Republic",2006,0,0
"Slovak Republic",2007,0,0
"Slovak Republic",2008,0,0
"Slovak Republic",2009,1,1
"Slovak Republic",2010,1,0
"Slovak Republic",2011,0,-1
"Slovak Republic",2012,1,1
"Slovak Republic",2013,0,-1
"Slovak Republic",2014,1,1
"Slovak Republic",2015,2,1
"Slovak Republic",2016,0,-2
"Slovak Republic",2017,0,0
"Slovenia",1991,0,
"Slovenia",1992,0,0
"Slovenia",1993,0,0
"Slovenia",1994,0,0
"Slovenia",1995,0,0
"Slovenia",1996,0,0
"Slovenia",1997,3,3
"Slovenia",1998,0,-3
"Slovenia",1999,0,0
"Slovenia",2000,0,0
"Slovenia",2001,0,0
"Slovenia",2002,0,0
"Slovenia",2003,1,1
"Slovenia",2004,0,-1
"Slovenia",2005,2,2
"Slovenia",2006,1,-1
"Slovenia",2007,2,1
"Slovenia",2008,1,-1
"Slovenia",2009,1,0
"Slovenia",2010,0,-1
"Slovenia",2011,0,0
"Slovenia",2012,2,2
"Slovenia",2013,6,4
"Slovenia",2014,0,-6
"Slovenia",2015,1,1
"Slovenia",2016,0,-1
"Slovenia",2017,0,0
"Somalia",1990,3,
"Somalia",1991,0,-3
"Somalia",1992,0,0
"Somalia",1993,0,0
"Somalia",1994,0,0
"Somalia",1995,0,0
"Somalia",1996,4,4
"Somalia",1997,2,-2
"Somalia",1998,0,-2
"Somalia",1999,0,0
"Somalia",2000,0,0
"Somalia",2001,0,0
"Somalia",2002,0,0
"Somalia",2003,1,1
"Somalia",2004,0,-1
"Somalia",2005,1,1
"Somalia",2006,5,4
"Somalia",2007,1,-4
"Somalia",2008,1,0
"Somalia",2009,1,0
"Somalia",2010,0,-1
"Somalia",2011,2,2
"Somalia",2012,0,-2
"Somalia",2013,0,0
"Somalia",2014,0,0
"Somalia",2015,0,0
"Somalia",2016,0,0
"Somalia",2017,0,0
"South Africa",1990,25,
"South Africa",1991,13,-12
"South Africa",1992,19,6
"South Africa",1993,11,-8
"South Africa",1994,15,4
"South Africa",1995,5,-10
"South Africa",1996,7,2
"South Africa",1997,2,-5
"South Africa",1998,2,0
"South Africa",1999,0,-2
"South Africa",2000,2,2
"South Africa",2001,5,3
"South Africa",2002,2,-3
"South Africa",2003,3,1
"South Africa",2004,2,-1
"South Africa",2005,2,0
"South Africa",2006,1,-1
"South Africa",2007,3,2
"South Africa",2008,4,1
"South Africa",2009,5,1
"South Africa",2010,3,-2
"South Africa",2011,2,-1
"South Africa",2012,3,1
"South Africa",2013,5,2
"South Africa",2014,4,-1
"South Africa",2015,8,4
"South Africa",2016,10,2
"South Africa",2017,1,-9
"South Korea",1990,25,
"South Korea",1991,18,-7
"South Korea",1992,10,-8
"South Korea",1993,8,-2
"South Korea",1994,9,1
"South Korea",1995,7,-2
"South Korea",1996,9,2
"South Korea",1997,16,7
"South Korea",1998,12,-4
"South Korea",1999,19,7
"South Korea",2000,28,9
"South Korea",2001,16,-12
"South Korea",2002,13,-3
"South Korea",2003,26,13
"South Korea",2004,31,5
"South Korea",2005,15,-16
"South Korea",2006,17,2
"South Korea",2007,11,-6
"South Korea",2008,14,3
"South Korea",2009,9,-5
"South Korea",2010,1,-8
"South Korea",2011,3,2
"South Korea",2012,0,-3
"South Korea",2013,0,0
"South Korea",2014,4,4
"South Korea",2015,11,7
"South Korea",2016,3,-8
"South Korea",2017,2,-1
"South Sudan",2011,0,
"South Sudan",2012,1,1
"South Sudan",2013,0,-1
"South Sudan",2014,0,0
"South Sudan",2015,0,0
"South Sudan",2016,0,0
"South Sudan",2017,0,0
"Spain",1990,4,
"Spain",1991,3,-1
"Spain",1992,5,2
"Spain",1993,1,-4
"Spain",1994,2,1
"Spain",1995,5,3
"Spain",1996,5,0
"Spain",1997,4,-1
"Spain",1998,0,-4
"Spain",1999,3,3
"Spain",2000,3,0
"Spain",2001,5,2
"Spain",2002,5,0
"Spain",2003,3,-2
"Spain",2004,2,-1
"Spain",2005,4,2
"Spain",2006,0,-4
"Spain",2007,3,3
"Spain",2008,2,-1
"Spain",2009,3,1
"Spain",2010,3,0
"Spain",2011,3,0
"Spain",2012,20,17
"Spain",2013,5,-15
"Spain",2014,9,4
"Spain",2015,1,-8
"Spain",2016,8,7
"Spain",2017,3,-5
"Sri Lanka",1990,0,
"Sri Lanka",1991,0,0
"Sri Lanka",1992,4,4
"Sri Lanka",1993,1,-3
"Sri Lanka",1994,3,2
"Sri Lanka",1995,1,-2
"Sri Lanka",1996,1,0
"Sri Lanka",1997,2,1
"Sri Lanka",1998,1,-1
"Sri Lanka",1999,3,2
"Sri Lanka",2000,1,-2
"Sri Lanka",2001,5,4
"Sri Lanka",2002,0,-5
"Sri Lanka",2003,2,2
"Sri Lanka",2004,0,-2
"Sri Lanka",2005,5,5
"Sri Lanka",2006,0,-5
"Sri Lanka",2007,0,0
"Sri Lanka",2008,0,0
"Sri Lanka",2009,1,1
"Sri Lanka",2010,3,2
"Sri Lanka",2011,0,-3
"Sri Lanka",2012,2,2
"Sri Lanka",2013,6,4
"Sri Lanka",2014,23,17
"Sri Lanka",2015,3,-20
"Sri Lanka",2016,1,-2
"Sri Lanka",2017,0,-1
"Sudan",1990,0,
"Sudan",1991,0,0
"Sudan",1992,0,0
"Sudan",1993,0,0
"Sudan",1994,0,0
"Sudan",1995,1,1
"Sudan",1996,1,0
"Sudan",1997,0,-1
"Sudan",1998,0,0
"Sudan",1999,0,0
"Sudan",2000,0,0
"Sudan",2001,0,0
"Sudan",2002,0,0
"Sudan",2003,0,0
"Sudan",2004,0,0
"Sudan",2005,2,2
"Sudan",2006,0,-2
"Sudan",2007,0,0
"Sudan",2008,0,0
"Sudan",2009,4,4
"Sudan",2010,0,-4
"Sudan",2011,1,1
"Sudan",2012,5,4
"Sudan",2013,1,-4
"Sudan",2014,8,7
"Sudan",2015,0,-8
"Sudan",2016,4,4
"Sudan",2017,0,-4
"Suriname",1990,4,
"Suriname",1991,0,-4
"Suriname",1992,0,0
"Suriname",1993,1,1
"Suriname",1994,4,3
"Suriname",1995,1,-3
"Suriname",1996,0,-1
"Suriname",1997,0,0
"Suriname",1998,9,9
"Suriname",1999,13,4
"Suriname",2000,0,-13
"Suriname",2001,0,0
"Suriname",2002,4,4
"Suriname",2003,1,-3
"Suriname",2004,1,0
"Suriname",2005,1,0
"Suriname",2006,0,-1
"Suriname",2007,5,5
"Suriname",2008,2,-3
"Suriname",2009,1,-1
"Suriname",2010,1,0
"Suriname",2011,1,0
"Suriname",2012,1,0
"Suriname",2013,0,-1
"Suriname",2014,0,0
"Suriname",2015,0,0
"Suriname",2016,0,0
"Suriname",2017,0,0
"Swaziland",1990,1,
"Swaziland",1991,0,-1
"Swaziland",1992,0,0
"Swaziland",1993,0,0
"Swaziland",1994,0,0
"Swaziland",1995,1,1
"Swaziland",1996,10,9
"Swaziland",1997,8,-2
"Swaziland",1998,1,-7
"Swaziland",1999,0,-1
"Swaziland",2000,5,5
"Swaziland",2001,1,-4
"Swaziland",2002,3,2
"Swaziland",2003,4,1
"Swaziland",2004,4,0
"Swaziland",2005,6,2
"Swaziland",2006,2,-4
"Swaziland",2007,2,0
"Swaziland",2008,6,4
"Swaziland",2009,2,-4
"Swaziland",2010,3,1
"Swaziland",2011,12,9
"Swaziland",2012,14,2
"Swaziland",2013,5,-9
"Swaziland",2014,0,-5
"Swaziland",2015,0,0
"Swaziland",2016,0,0
"Swaziland",2017,0,0
"Sweden",1990,0,
"Sweden",1991,0,0
"Sweden",1992,1,1
"Sweden",1993,0,-1
"Sweden",1994,0,0
"Sweden",1995,0,0
"Sweden",1996,0,0
"Sweden",1997,0,0
"Sweden",1998,0,0
"Sweden",1999,0,0
"Sweden",2000,1,1
"Sweden",2001,0,-1
"Sweden",2002,0,0
"Sweden",2003,0,0
"Sweden",2004,0,0
"Sweden",2005,0,0
"Sweden",2006,0,0
"Sweden",2007,0,0
"Sweden",2008,1,1
"Sweden",2009,1,0
"Sweden",2010,2,1
"Sweden",2011,0,-2
"Sweden",2012,0,0
"Sweden",2013,1,1
"Sweden",2014,0,-1
"Sweden",2015,0,0
"Sweden",2016,2,2
"Sweden",2017,0,-2
"Switzerland",1990,1,
"Switzerland",1991,1,0
"Switzerland",1992,0,-1
"Switzerland",1993,0,0
"Switzerland",1994,0,0
"Switzerland",1995,0,0
"Switzerland",1996,0,0
"Switzerland",1997,1,1
"Switzerland",1998,0,-1
"Switzerland",1999,0,0
"Switzerland",2000,0,0
"Switzerland",2001,0,0
"Switzerland",2002,0,0
"Switzerland",2003,0,0
"Switzerland",2004,0,0
"Switzerland",2005,0,0
"Switzerland",2006,0,0
"Switzerland",2007,0,0
"Switzerland",2008,0,0
"Switzerland",2009,0,0
"Switzerland",2010,0,0
"Switzerland",2011,0,0
"Switzerland",2012,0,0
"Switzerland",2013,0,0
"Switzerland",2014,1,1
"Switzerland",2015,0,-1
"Switzerland",2016,0,0
"Switzerland",2017,0,0
"Syria",1990,0,
"Syria",1991,1,1
"Syria",1992,0,-1
"Syria",1993,1,1
"Syria",1994,0,-1
"Syria",1995,0,0
"Syria",1996,0,0
"Syria",1997,0,0
"Syria",1998,0,0
"Syria",1999,0,0
"Syria",2000,0,0
"Syria",2001,0,0
"Syria",2002,0,0
"Syria",2003,0,0
"Syria",2004,3,3
"Syria",2005,0,-3
"Syria",2006,0,0
"Syria",2007,0,0
"Syria",2008,0,0
"Syria",2009,0,0
"Syria",2010,0,0
"Syria",2011,3,3
"Syria",2012,0,-3
"Syria",2013,0,0
"Syria",2014,4,4
"Syria",2015,1,-3
"Syria",2016,2,1
"Syria",2017,0,-2
"Taiwan",1990,11,
"Taiwan",1991,6,-5
"Taiwan",1992,9,3
"Taiwan",1993,5,-4
"Taiwan",1994,6,1
"Taiwan",1995,3,-3
"Taiwan",1996,5,2
"Taiwan",1997,5,0
"Taiwan",1998,5,0
"Taiwan",1999,5,0
"Taiwan",2000,5,0
"Taiwan",2001,3,-2
"Taiwan",2002,6,3
"Taiwan",2003,4,-2
"Taiwan",2004,9,5
"Taiwan",2005,1,-8
"Taiwan",2006,13,12
"Taiwan",2007,3,-10
"Taiwan",2008,4,1
"Taiwan",2009,8,4
"Taiwan",2010,7,-1
"Taiwan",2011,0,-7
"Taiwan",2012,0,0
"Taiwan",2013,1,1
"Taiwan",2014,4,3
"Taiwan",2015,6,2
"Taiwan",2016,3,-3
"Taiwan",2017,0,-3
"Tajikistan",1990,2,
"Tajikistan",1991,1,-1
"Tajikistan",1992,3,2
"Tajikistan",1993,0,-3
"Tajikistan",1994,0,0
"Tajikistan",1995,1,1
"Tajikistan",1996,8,7
"Tajikistan",1997,2,-6
"Tajikistan",1998,0,-2
"Tajikistan",1999,0,0
"Tajikistan",2000,0,0
"Tajikistan",2001,0,0
"Tajikistan",2002,0,0
"Tajikistan",2003,0,0
"Tajikistan",2004,0,0
"Tajikistan",2005,0,0
"Tajikistan",2006,0,0
"Tajikistan",2007,0,0
"Tajikistan",2008,4,4
"Tajikistan",2009,0,-4
"Tajikistan",2010,2,2
"Tajikistan",2011,1,-1
"Tajikistan",2012,4,3
"Tajikistan",2013,3,-1
"Tajikistan",2014,1,-2
"Tajikistan",2015,0,-1
"Tajikistan",2016,0,0
"Tajikistan",2017,0,0
"Tanzania",1990,0,
"Tanzania",1991,0,0
"Tanzania",1992,1,1
"Tanzania",1993,2,1
"Tanzania",1994,1,-1
"Tanzania",1995,0,-1
"Tanzania",1996,0,0
"Tanzania",1997,0,0
"Tanzania",1998,2,2
"Tanzania",1999,0,-2
"Tanzania",2000,2,2
"Tanzania",2001,3,1
"Tanzania",2002,3,0
"Tanzania",2003,0,-3
"Tanzania",2004,2,2
"Tanzania",2005,1,-1
"Tanzania",2006,0,-1
"Tanzania",2007,0,0
"Tanzania",2008,0,0
"Tanzania",2009,2,2
"Tanzania",2010,5,3
"Tanzania",2011,8,3
"Tanzania",2012,3,-5
"Tanzania",2013,0,-3
"Tanzania",2014,0,0
"Tanzania",2015,0,0
"Tanzania",2016,0,0
"Tanzania",2017,0,0
"Thailand",1990,0,
"Thailand",1991,1,1
"Thailand",1992,4,3
"Thailand",1993,2,-2
"Thailand",1994,2,0
"Thailand",1995,0,-2
"Thailand",1996,0,0
"Thailand",1997,5,5
"Thailand",1998,5,0
"Thailand",1999,3,-2
"Thailand",2000,7,4
"Thailand",2001,11,4
"Thailand",2002,8,-3
"Thailand",2003,8,0
"Thailand",2004,13,5
"Thailand",2005,12,-1
"Thailand",2006,20,8
"Thailand",2007,20,0
"Thailand",2008,18,-2
"Thailand",2009,13,-5
"Thailand",2010,12,-1
"Thailand",2011,4,-8
"Thailand",2012,5,1
"Thailand",2013,23,18
"Thailand",2014,16,-7
"Thailand",2015,16,0
"Thailand",2016,4,-12
"Thailand",2017,2,-2
"Timor Leste",2002,1,
"Timor Leste",2003,0,-1
"Timor Leste",2004,2,2
"Timor Leste",2005,1,-1
"Timor Leste",2006,2,1
"Timor Leste",2007,1,-1
"Timor Leste",2008,1,0
"Timor Leste",2009,0,-1
"Timor Leste",2010,0,0
"Timor Leste",2011,1,1
"Timor Leste",2012,2,1
"Timor Leste",2013,0,-2
"Timor Leste",2014,0,0
"Timor Leste",2015,0,0
"Timor Leste",2016,0,0
"Timor Leste",2017,0,0
"Togo",1990,1,
"Togo",1991,10,9
"Togo",1992,5,-5
"Togo",1993,3,-2
"Togo",1994,0,-3
"Togo",1995,0,0
"Togo",1996,0,0
"Togo",1997,1,1
"Togo",1998,7,6
"Togo",1999,0,-7
"Togo",2000,1,1
"Togo",2001,2,1
"Togo",2002,2,0
"Togo",2003,0,-2
"Togo",2004,1,1
"Togo",2005,12,11
"Togo",2006,1,-11
"Togo",2007,2,1
"Togo",2008,0,-2
"Togo",2009,1,1
"Togo",2010,9,8
"Togo",2011,4,-5
"Togo",2012,6,2
"Togo",2013,5,-1
"Togo",2014,2,-3
"Togo",2015,7,5
"Togo",2016,0,-7
"Togo",2017,3,3
"Tunisia",1990,0,
"Tunisia",1991,0,0
"Tunisia",1992,0,0
"Tunisia",1993,0,0
"Tunisia",1994,0,0
"Tunisia",1995,0,0
"Tunisia",1996,0,0
"Tunisia",1997,0,0
"Tunisia",1998,0,0
"Tunisia",1999,0,0
"Tunisia",2000,1,1
"Tunisia",2001,0,-1
"Tunisia",2002,0,0
"Tunisia",2003,0,0
"Tunisia",2004,0,0
"Tunisia",2005,0,0
"Tunisia",2006,0,0
"Tunisia",2007,0,0
"Tunisia",2008,0,0
"Tunisia",2009,0,0
"Tunisia",2010,4,4
"Tunisia",2011,6,2
"Tunisia",2012,3,-3
"Tunisia",2013,5,2
"Tunisia",2014,2,-3
"Tunisia",2015,1,-1
"Tunisia",2016,2,1
"Tunisia",2017,1,-1
"Turkey",1990,1,
"Turkey",1991,2,1
"Turkey",1992,1,-1
"Turkey",1993,0,-1
"Turkey",1994,0,0
"Turkey",1995,1,1
"Turkey",1996,3,2
"Turkey",1997,4,1
"Turkey",1998,3,-1
"Turkey",1999,3,0
"Turkey",2000,2,-1
"Turkey",2001,5,3
"Turkey",2002,0,-5
"Turkey",2003,0,0
"Turkey",2004,0,0
"Turkey",2005,1,1
"Turkey",2006,3,2
"Turkey",2007,5,2
"Turkey",2008,1,-4
"Turkey",2009,2,1
"Turkey",2010,1,-1
"Turkey",2011,5,4
"Turkey",2012,3,-2
"Turkey",2013,8,5
"Turkey",2014,21,13
"Turkey",2015,15,-6
"Turkey",2016,8,-7
"Turkey",2017,0,-8
"Turkmenistan",1990,0,
"Turkmenistan",1991,0,0
"Turkmenistan",1992,0,0
"Turkmenistan",1993,0,0
"Turkmenistan",1994,0,0
"Turkmenistan",1995,1,1
"Turkmenistan",1996,0,-1
"Turkmenistan",1997,0,0
"Turkmenistan",1998,0,0
"Turkmenistan",1999,0,0
"Turkmenistan",2000,0,0
"Turkmenistan",2001,0,0
"Turkmenistan",2002,0,0
"Turkmenistan",2003,0,0
"Turkmenistan",2004,0,0
"Turkmenistan",2005,0,0
"Turkmenistan",2006,0,0
"Turkmenistan",2007,0,0
"Turkmenistan",2008,1,1
"Turkmenistan",2009,0,-1
"Turkmenistan",2010,0,0
"Turkmenistan",2011,1,1
"Turkmenistan",2012,0,-1
"Turkmenistan",2013,0,0
"Turkmenistan",2014,1,1
"Turkmenistan",2015,0,-1
"Turkmenistan",2016,0,0
"Turkmenistan",2017,0,0
"USSR",1990,45,
"USSR",1991,15,-30
"Uganda",1990,2,
"Uganda",1991,3,1
"Uganda",1992,0,-3
"Uganda",1993,2,2
"Uganda",1994,3,1
"Uganda",1995,1,-2
"Uganda",1996,1,0
"Uganda",1997,0,-1
"Uganda",1998,1,1
"Uganda",1999,0,-1
"Uganda",2000,0,0
"Uganda",2001,0,0
"Uganda",2002,2,2
"Uganda",2003,0,-2
"Uganda",2004,5,5
"Uganda",2005,4,-1
"Uganda",2006,0,-4
"Uganda",2007,2,2
"Uganda",2008,0,-2
"Uganda",2009,1,1
"Uganda",2010,8,7
"Uganda",2011,8,0
"Uganda",2012,3,-5
"Uganda",2013,1,-2
"Uganda",2014,2,1
"Uganda",2015,0,-2
"Uganda",2016,6,6
"Uganda",2017,0,-6
"Ukraine",1991,0,
"Ukraine",1992,1,1
"Ukraine",1993,3,2
"Ukraine",1994,0,-3
"Ukraine",1995,1,1
"Ukraine",1996,5,4
"Ukraine",1997,3,-2
"Ukraine",1998,2,-1
"Ukraine",1999,0,-2
"Ukraine",2000,2,2
"Ukraine",2001,8,6
"Ukraine",2002,4,-4
"Ukraine",2003,4,0
"Ukraine",2004,6,2
"Ukraine",2005,0,-6
"Ukraine",2006,0,0
"Ukraine",2007,1,1
"Ukraine",2008,0,-1
"Ukraine",2009,2,2
"Ukraine",2010,0,-2
"Ukraine",2011,3,3
"Ukraine",2012,2,-1
"Ukraine",2013,3,1
"Ukraine",2014,91,88
"Ukraine",2015,3,-88
"Ukraine",2016,1,-2
"Ukraine",2017,0,-1
"United Arab Emirate",1990,0,
"United Arab Emirate",1991,0,0
"United Arab Emirate",1992,0,0
"United Arab Emirate",1993,0,0
"United Arab Emirate",1994,0,0
"United Arab Emirate",1995,0,0
"United Arab Emirate",1996,0,0
"United Arab Emirate",1997,0,0
"United Arab Emirate",1998,0,0
"United Arab Emirate",1999,0,0
"United Arab Emirate",2000,0,0
"United Arab Emirate",2001,0,0
"United Arab Emirate",2002,0,0
"United Arab Emirate",2003,0,0
"United Arab Emirate",2004,0,0
"United Arab Emirate",2005,1,1
"United Arab Emirate",2006,1,0
"United Arab Emirate",2007,1,0
"United Arab Emirate",2008,0,-1
"United Arab Emirate",2009,0,0
"United Arab Emirate",2010,0,0
"United Arab Emirate",2011,0,0
"United Arab Emirate",2012,0,0
"United Arab Emirate",2013,0,0
"United Arab Emirate",2014,0,0
"United Arab Emirate",2015,0,0
"United Arab Emirate",2016,0,0
"United Arab Emirate",2017,0,0
"United Kingdom",1990,36,
"United Kingdom",1991,11,-25
"United Kingdom",1992,21,10
"United Kingdom",1993,23,2
"United Kingdom",1994,13,-10
"United Kingdom",1995,12,-1
"United Kingdom",1996,20,8
"United Kingdom",1997,14,-6
"United Kingdom",1998,20,6
"United Kingdom",1999,15,-5
"United Kingdom",2000,18,3
"United Kingdom",2001,18,0
"United Kingdom",2002,33,15
"United Kingdom",2003,20,-13
"United Kingdom",2004,17,-3
"United Kingdom",2005,14,-3
"United Kingdom",2006,14,0
"United Kingdom",2007,8,-6
"United Kingdom",2008,10,2
"United Kingdom",2009,21,11
"United Kingdom",2010,16,-5
"United Kingdom",2011,20,4
"United Kingdom",2012,15,-5
"United Kingdom",2013,20,5
"United Kingdom",2014,13,-7
"United Kingdom",2015,20,7
"United Kingdom",2016,35,15
"United Kingdom",2017,12,-23
"Uruguay",1990,1,
"Uruguay",1991,4,3
"Uruguay",1992,6,2
"Uruguay",1993,8,2
"Uruguay",1994,5,-3
"Uruguay",1995,3,-2
"Uruguay",1996,2,-1
"Uruguay",1997,1,-1
"Uruguay",1998,1,0
"Uruguay",1999,3,2
"Uruguay",2000,1,-2
"Uruguay",2001,1,0
"Uruguay",2002,7,6
"Uruguay",2003,6,-1
"Uruguay",2004,3,-3
"Uruguay",2005,2,-1
"Uruguay",2006,2,0
"Uruguay",2007,1,-1
"Uruguay",2008,2,1
"Uruguay",2009,3,1
"Uruguay",2010,5,2
"Uruguay",2011,0,-5
"Uruguay",2012,0,0
"Uruguay",2013,0,0
"Uruguay",2014,0,0
"Uruguay",2015,0,0
"Uruguay",2016,1,1
"Uruguay",2017,0,-1
"Uzbekistan",1990,2,
"Uzbekistan",1991,0,-2
"Uzbekistan",1992,1,1
"Uzbekistan",1993,0,-1
"Uzbekistan",1994,0,0
"Uzbekistan",1995,1,1
"Uzbekistan",1996,0,-1
"Uzbekistan",1997,0,0
"Uzbekistan",1998,0,0
"Uzbekistan",1999,0,0
"Uzbekistan",2000,0,0
"Uzbekistan",2001,1,1
"Uzbekistan",2002,2,1
"Uzbekistan",2003,3,1
"Uzbekistan",2004,6,3
"Uzbekistan",2005,13,7
"Uzbekistan",2006,1,-12
"Uzbekistan",2007,2,1
"Uzbekistan",2008,3,1
"Uzbekistan",2009,0,-3
"Uzbekistan",2010,1,1
"Uzbekistan",2011,0,-1
"Uzbekistan",2012,0,0
"Uzbekistan",2013,0,0
"Uzbekistan",2014,0,0
"Uzbekistan",2015,0,0
"Uzbekistan",2016,0,0
"Uzbekistan",2017,0,0
"Venezuela",1990,9,
"Venezuela",1991,12,3
"Venezuela",1992,26,14
"Venezuela",1993,8,-18
"Venezuela",1994,11,3
"Venezuela",1995,6,-5
"Venezuela",1996,13,7
"Venezuela",1997,10,-3
"Venezuela",1998,6,-4
"Venezuela",1999,10,4
"Venezuela",2000,9,-1
"Venezuela",2001,18,9
"Venezuela",2002,10,-8
"Venezuela",2003,2,-8
"Venezuela",2004,16,14
"Venezuela",2005,14,-2
"Venezuela",2006,10,-4
"Venezuela",2007,18,8
"Venezuela",2008,6,-12
"Venezuela",2009,16,10
"Venezuela",2010,7,-9
"Venezuela",2011,2,-5
"Venezuela",2012,0,-2
"Venezuela",2013,7,7
"Venezuela",2014,16,9
"Venezuela",2015,8,-8
"Venezuela",2016,10,2
"Venezuela",2017,1,-9
"Vietnam",1990,0,
"Vietnam",1991,0,0
"Vietnam",1992,0,0
"Vietnam",1993,2,2
"Vietnam",1994,0,-2
"Vietnam",1995,0,0
"Vietnam",1996,2,2
"Vietnam",1997,2,0
"Vietnam",1998,0,-2
"Vietnam",1999,0,0
"Vietnam",2000,1,1
"Vietnam",2001,1,0
"Vietnam",2002,0,-1
"Vietnam",2003,0,0
"Vietnam",2004,1,1
"Vietnam",2005,0,-1
"Vietnam",2006,2,2
"Vietnam",2007,0,-2
"Vietnam",2008,2,2
"Vietnam",2009,0,-2
"Vietnam",2010,1,1
"Vietnam",2011,1,0
"Vietnam",2012,0,-1
"Vietnam",2013,0,0
"Vietnam",2014,0,0
"Vietnam",2015,1,1
"Vietnam",2016,1,0
"Vietnam",2017,0,-1
"Yemen",1990,3,
"Yemen",1991,0,-3
"Yemen",1992,2,2
"Yemen",1993,0,-2
"Yemen",1994,3,3
"Yemen",1995,2,-1
"Yemen",1996,1,-1
"Yemen",1997,1,0
"Yemen",1998,1,0
"Yemen",1999,0,-1
"Yemen",2000,0,0
"Yemen",2001,1,1
"Yemen",2002,1,0
"Yemen",2003,1,0
"Yemen",2004,1,0
"Yemen",2005,3,2
"Yemen",2006,0,-3
"Yemen",2007,1,1
"Yemen",2008,6,5
"Yemen",2009,14,8
"Yemen",2010,6,-8
"Yemen",2011,58,52
"Yemen",2012,4,-54
"Yemen",2013,3,-1
"Yemen",2014,33,30
"Yemen",2015,11,-22
"Yemen",2016,1,-10
"Yemen",2017,0,-1
"Yugoslavia",1990,25,
"Yugoslavia",1991,10,-15
"Yugoslavia",1992,11,1
"Yugoslavia",1993,2,-9
"Yugoslavia",1994,0,-2
"Yugoslavia",1995,3,3
"Yugoslavia",1996,8,5
"Yugoslavia",1997,8,0
"Yugoslavia",1998,14,6
"Yugoslavia",1999,31,17
"Yugoslavia",2000,19,-12
"Yugoslavia",2001,3,-16
"Yugoslavia",2002,2,-1
"Zambia",1990,1,
"Zambia",1991,1,0
"Zambia",1992,5,4
"Zambia",1993,1,-4
"Zambia",1994,4,3
"Zambia",1995,3,-1
"Zambia",1996,5,2
"Zambia",1997,12,7
"Zambia",1998,5,-7
"Zambia",1999,1,-4
"Zambia",2000,0,-1
"Zambia",2001,4,4
"Zambia",2002,2,-2
"Zambia",2003,2,0
"Zambia",2004,2,0
"Zambia",2005,5,3
"Zambia",2006,2,-3
"Zambia",2007,0,-2
"Zambia",2008,1,1
"Zambia",2009,2,1
"Zambia",2010,2,0
"Zambia",2011,6,4
"Zambia",2012,6,0
"Zambia",2013,4,-2
"Zambia",2014,9,5
"Zambia",2015,0,-9
"Zambia",2016,6,6
"Zambia",2017,0,-6
"Zimbabwe",1990,4,
"Zimbabwe",1991,2,-2
"Zimbabwe",1992,2,0
"Zimbabwe",1993,4,2
"Zimbabwe",1994,3,-1
"Zimbabwe",1995,8,5
"Zimbabwe",1996,6,-2
"Zimbabwe",1997,5,-1
"Zimbabwe",1998,9,4
"Zimbabwe",1999,3,-6
"Zimbabwe",2000,6,3
"Zimbabwe",2001,1,-5
"Zimbabwe",2002,1,0
"Zimbabwe",2003,5,4
"Zimbabwe",2004,2,-3
"Zimbabwe",2005,2,0
"Zimbabwe",2006,2,0
"Zimbabwe",2007,1,-1
"Zimbabwe",2008,3,2
"Zimbabwe",2009,1,-2
"Zimbabwe",2010,0,-1
"Zimbabwe",2011,0,0
"Zimbabwe",2012,1,1
"Zimbabwe",2013,0,-1
"Zimbabwe",2014,4,4
"Zimbabwe",2015,3,-1
"Zimbabwe",2016,17,14
"Zimbabwe",2017,0,-17
